timestamp,spot_price_eur_kwh
2025-04-30 22:00:00+00:00,0.119964
2025-04-30 23:00:00+00:00,0.11305199999999999
2025-05-01 00:00:00+00:00,0.11088
2025-05-01 01:00:00+00:00,0.111492
2025-05-01 02:00:00+00:00,0.11157600000000001
2025-05-01 03:00:00+00:00,0.103212
2025-05-01 04:00:00+00:00,0.09777600000000002
2025-05-01 05:00:00+00:00,0.08579999999999999
2025-05-01 06:00:00+00:00,0.06544799999999999
2025-05-01 07:00:00+00:00,0.0
2025-05-01 08:00:00+00:00,-0.0036
2025-05-01 09:00:00+00:00,-0.04812
2025-05-01 10:00:00+00:00,-0.09284400000000001
2025-05-01 11:00:00+00:00,-0.15092399999999997
2025-05-01 12:00:00+00:00,-0.14166
2025-05-01 13:00:00+00:00,-0.059988
2025-05-01 14:00:00+00:00,-0.006204
2025-05-01 15:00:00+00:00,0.04409999999999999
2025-05-01 16:00:00+00:00,0.117216
2025-05-01 17:00:00+00:00,0.155184
2025-05-01 18:00:00+00:00,0.19576799999999997
2025-05-01 19:00:00+00:00,0.143988
2025-05-01 20:00:00+00:00,0.11988
2025-05-01 21:00:00+00:00,0.10361999999999999
2025-05-01 22:00:00+00:00,0.10619999999999999
2025-05-01 23:00:00+00:00,0.086736
2025-05-02 00:00:00+00:00,0.074508
2025-05-02 01:00:00+00:00,0.07432799999999999
2025-05-02 02:00:00+00:00,0.079572
2025-05-02 03:00:00+00:00,0.092664
2025-05-02 04:00:00+00:00,0.10556399999999999
2025-05-02 05:00:00+00:00,0.094536
2025-05-02 06:00:00+00:00,0.069624
2025-05-02 07:00:00+00:00,0.012216
2025-05-02 08:00:00+00:00,0.0010199999999999999
2025-05-02 09:00:00+00:00,-1.2e-05
2025-05-02 10:00:00+00:00,-0.00096
2025-05-02 11:00:00+00:00,-0.0036
2025-05-02 12:00:00+00:00,-0.0048
2025-05-02 13:00:00+00:00,-9.6e-05
2025-05-02 14:00:00+00:00,0.00035999999999999997
2025-05-02 15:00:00+00:00,0.08438399999999999
2025-05-02 16:00:00+00:00,0.12354
2025-05-02 17:00:00+00:00,0.14801999999999998
2025-05-02 18:00:00+00:00,0.178044
2025-05-02 19:00:00+00:00,0.148056
2025-05-02 20:00:00+00:00,0.13072799999999998
2025-05-02 21:00:00+00:00,0.118464
2025-05-02 22:00:00+00:00,0.11993999999999999
2025-05-02 23:00:00+00:00,0.114816
2025-05-03 00:00:00+00:00,0.112872
2025-05-03 01:00:00+00:00,0.110052
2025-05-03 02:00:00+00:00,0.106704
2025-05-03 03:00:00+00:00,0.106692
2025-05-03 04:00:00+00:00,0.105504
2025-05-03 05:00:00+00:00,0.099372
2025-05-03 06:00:00+00:00,0.07371599999999999
2025-05-03 07:00:00+00:00,0.016235999999999997
2025-05-03 08:00:00+00:00,1.2e-05
2025-05-03 09:00:00+00:00,-1.2e-05
2025-05-03 10:00:00+00:00,-0.001392
2025-05-03 11:00:00+00:00,-0.003648
2025-05-03 12:00:00+00:00,-0.003228
2025-05-03 13:00:00+00:00,-3.5999999999999994e-05
2025-05-03 14:00:00+00:00,0.0
2025-05-03 15:00:00+00:00,0.03558
2025-05-03 16:00:00+00:00,0.0846
2025-05-03 17:00:00+00:00,0.094044
2025-05-03 18:00:00+00:00,0.10676399999999998
2025-05-03 19:00:00+00:00,0.104364
2025-05-03 20:00:00+00:00,0.096636
2025-05-03 21:00:00+00:00,0.079092
2025-05-03 22:00:00+00:00,0.074172
2025-05-03 23:00:00+00:00,0.055284
2025-05-04 00:00:00+00:00,0.038736
2025-05-04 01:00:00+00:00,0.02472
2025-05-04 02:00:00+00:00,0.024408
2025-05-04 03:00:00+00:00,0.018696
2025-05-04 04:00:00+00:00,0.016343999999999997
2025-05-04 05:00:00+00:00,0.009396
2025-05-04 06:00:00+00:00,0.003516
2025-05-04 07:00:00+00:00,0.0
2025-05-04 08:00:00+00:00,-1.2e-05
2025-05-04 09:00:00+00:00,-1.2e-05
2025-05-04 10:00:00+00:00,-2.4e-05
2025-05-04 11:00:00+00:00,-0.0024
2025-05-04 12:00:00+00:00,-0.006011999999999999
2025-05-04 13:00:00+00:00,-0.001908
2025-05-04 14:00:00+00:00,-1.2e-05
2025-05-04 15:00:00+00:00,0.012756
2025-05-04 16:00:00+00:00,0.101172
2025-05-04 17:00:00+00:00,0.11951999999999999
2025-05-04 18:00:00+00:00,0.130488
2025-05-04 19:00:00+00:00,0.125964
2025-05-04 20:00:00+00:00,0.119292
2025-05-04 21:00:00+00:00,0.108288
2025-05-04 22:00:00+00:00,0.08194800000000001
2025-05-04 23:00:00+00:00,0.08646
2025-05-05 00:00:00+00:00,0.07688399999999998
2025-05-05 01:00:00+00:00,0.07927200000000001
2025-05-05 02:00:00+00:00,0.082476
2025-05-05 03:00:00+00:00,0.106524
2025-05-05 04:00:00+00:00,0.125892
2025-05-05 05:00:00+00:00,0.152196
2025-05-05 06:00:00+00:00,0.1335
2025-05-05 07:00:00+00:00,0.116604
2025-05-05 08:00:00+00:00,0.109812
2025-05-05 09:00:00+00:00,0.08713199999999999
2025-05-05 10:00:00+00:00,0.078
2025-05-05 11:00:00+00:00,0.074472
2025-05-05 12:00:00+00:00,0.074508
2025-05-05 13:00:00+00:00,0.08376
2025-05-05 14:00:00+00:00,0.108708
2025-05-05 15:00:00+00:00,0.116508
2025-05-05 16:00:00+00:00,0.12951600000000002
2025-05-05 17:00:00+00:00,0.16672800000000002
2025-05-05 18:00:00+00:00,0.137964
2025-05-05 19:00:00+00:00,0.140952
2025-05-05 20:00:00+00:00,0.12359999999999999
2025-05-05 21:00:00+00:00,0.11878799999999999
2025-05-05 22:00:00+00:00,0.100896
2025-05-05 23:00:00+00:00,0.093312
2025-05-06 00:00:00+00:00,0.08911200000000001
2025-05-06 01:00:00+00:00,0.08782799999999999
2025-05-06 02:00:00+00:00,0.09877200000000001
2025-05-06 03:00:00+00:00,0.11245199999999998
2025-05-06 04:00:00+00:00,0.132744
2025-05-06 05:00:00+00:00,0.139788
2025-05-06 06:00:00+00:00,0.12954
2025-05-06 07:00:00+00:00,0.10177199999999999
2025-05-06 08:00:00+00:00,0.09288
2025-05-06 09:00:00+00:00,0.07931999999999999
2025-05-06 10:00:00+00:00,0.079236
2025-05-06 11:00:00+00:00,0.078
2025-05-06 12:00:00+00:00,0.07787999999999999
2025-05-06 13:00:00+00:00,0.07922399999999999
2025-05-06 14:00:00+00:00,0.086844
2025-05-06 15:00:00+00:00,0.11184000000000001
2025-05-06 16:00:00+00:00,0.132648
2025-05-06 17:00:00+00:00,0.153672
2025-05-06 18:00:00+00:00,0.180336
2025-05-06 19:00:00+00:00,0.152508
2025-05-06 20:00:00+00:00,0.130488
2025-05-06 21:00:00+00:00,0.119916
2025-05-06 22:00:00+00:00,0.11651999999999998
2025-05-06 23:00:00+00:00,0.10969199999999998
2025-05-07 00:00:00+00:00,0.107232
2025-05-07 01:00:00+00:00,0.1098
2025-05-07 02:00:00+00:00,0.11075999999999998
2025-05-07 03:00:00+00:00,0.120012
2025-05-07 04:00:00+00:00,0.14994
2025-05-07 05:00:00+00:00,0.168048
2025-05-07 06:00:00+00:00,0.14396399999999998
2025-05-07 07:00:00+00:00,0.102084
2025-05-07 08:00:00+00:00,0.08902799999999998
2025-05-07 09:00:00+00:00,0.08436
2025-05-07 10:00:00+00:00,0.07497599999999999
2025-05-07 11:00:00+00:00,0.072792
2025-05-07 12:00:00+00:00,0.079308
2025-05-07 13:00:00+00:00,0.088572
2025-05-07 14:00:00+00:00,0.097548
2025-05-07 15:00:00+00:00,0.123276
2025-05-07 16:00:00+00:00,0.13692
2025-05-07 17:00:00+00:00,0.16190399999999996
2025-05-07 18:00:00+00:00,0.16008000000000003
2025-05-07 19:00:00+00:00,0.144588
2025-05-07 20:00:00+00:00,0.13374
2025-05-07 21:00:00+00:00,0.120012
2025-05-07 22:00:00+00:00,0.119916
2025-05-07 23:00:00+00:00,0.114672
2025-05-08 00:00:00+00:00,0.11452799999999999
2025-05-08 01:00:00+00:00,0.11740800000000001
2025-05-08 02:00:00+00:00,0.11469599999999999
2025-05-08 03:00:00+00:00,0.13069199999999997
2025-05-08 04:00:00+00:00,0.148476
2025-05-08 05:00:00+00:00,0.16223999999999997
2025-05-08 06:00:00+00:00,0.143904
2025-05-08 07:00:00+00:00,0.127116
2025-05-08 08:00:00+00:00,0.11152799999999999
2025-05-08 09:00:00+00:00,0.0969
2025-05-08 10:00:00+00:00,0.081672
2025-05-08 11:00:00+00:00,0.080904
2025-05-08 12:00:00+00:00,0.089076
2025-05-08 13:00:00+00:00,0.100824
2025-05-08 14:00:00+00:00,0.10893599999999999
2025-05-08 15:00:00+00:00,0.11201999999999998
2025-05-08 16:00:00+00:00,0.139992
2025-05-08 17:00:00+00:00,0.16556400000000002
2025-05-08 18:00:00+00:00,0.1812
2025-05-08 19:00:00+00:00,0.14878799999999998
2025-05-08 20:00:00+00:00,0.141588
2025-05-08 21:00:00+00:00,0.13212
2025-05-08 22:00:00+00:00,0.12091199999999999
2025-05-08 23:00:00+00:00,0.1206
2025-05-09 00:00:00+00:00,0.117036
2025-05-09 01:00:00+00:00,0.11860799999999999
2025-05-09 02:00:00+00:00,0.11928
2025-05-09 03:00:00+00:00,0.128904
2025-05-09 04:00:00+00:00,0.150072
2025-05-09 05:00:00+00:00,0.15452400000000002
2025-05-09 06:00:00+00:00,0.11067600000000001
2025-05-09 07:00:00+00:00,0.10238399999999999
2025-05-09 08:00:00+00:00,0.06571199999999999
2025-05-09 09:00:00+00:00,0.005088
2025-05-09 10:00:00+00:00,0.00252
2025-05-09 11:00:00+00:00,0.00014399999999999998
2025-05-09 12:00:00+00:00,1.2e-05
2025-05-09 13:00:00+00:00,0.010368
2025-05-09 14:00:00+00:00,0.08072399999999999
2025-05-09 15:00:00+00:00,0.104124
2025-05-09 16:00:00+00:00,0.09848399999999999
2025-05-09 17:00:00+00:00,0.12678
2025-05-09 18:00:00+00:00,0.156
2025-05-09 19:00:00+00:00,0.140256
2025-05-09 20:00:00+00:00,0.120444
2025-05-09 21:00:00+00:00,0.11757599999999999
2025-05-09 22:00:00+00:00,0.1176
2025-05-09 23:00:00+00:00,0.12752399999999997
2025-05-10 00:00:00+00:00,0.12246
2025-05-10 01:00:00+00:00,0.115608
2025-05-10 02:00:00+00:00,0.12028799999999999
2025-05-10 03:00:00+00:00,0.12020399999999999
2025-05-10 04:00:00+00:00,0.116772
2025-05-10 05:00:00+00:00,0.11012399999999999
2025-05-10 06:00:00+00:00,0.084072
2025-05-10 07:00:00+00:00,0.011184
2025-05-10 08:00:00+00:00,-0.00010799999999999998
2025-05-10 09:00:00+00:00,-0.028776
2025-05-10 10:00:00+00:00,-0.069384
2025-05-10 11:00:00+00:00,-0.136164
2025-05-10 12:00:00+00:00,-0.137964
2025-05-10 13:00:00+00:00,-0.06018
2025-05-10 14:00:00+00:00,-0.008244
2025-05-10 15:00:00+00:00,0.060084
2025-05-10 16:00:00+00:00,0.11690400000000001
2025-05-10 17:00:00+00:00,0.15204
2025-05-10 18:00:00+00:00,0.15590399999999996
2025-05-10 19:00:00+00:00,0.141516
2025-05-10 20:00:00+00:00,0.13308
2025-05-10 21:00:00+00:00,0.11518799999999998
2025-05-10 22:00:00+00:00,0.11978399999999999
2025-05-10 23:00:00+00:00,0.11878799999999999
2025-05-11 00:00:00+00:00,0.11691599999999999
2025-05-11 01:00:00+00:00,0.11878799999999999
2025-05-11 02:00:00+00:00,0.118812
2025-05-11 03:00:00+00:00,0.118716
2025-05-11 04:00:00+00:00,0.10984800000000002
2025-05-11 05:00:00+00:00,0.081672
2025-05-11 06:00:00+00:00,0.005952
2025-05-11 07:00:00+00:00,-0.00012
2025-05-11 08:00:00+00:00,-0.015168
2025-05-11 09:00:00+00:00,-0.070932
2025-05-11 10:00:00+00:00,-0.265824
2025-05-11 11:00:00+00:00,-0.30312
2025-05-11 12:00:00+00:00,-0.30309600000000003
2025-05-11 13:00:00+00:00,-0.141288
2025-05-11 14:00:00+00:00,-0.027084
2025-05-11 15:00:00+00:00,-1.2e-05
2025-05-11 16:00:00+00:00,0.090168
2025-05-11 17:00:00+00:00,0.11877599999999999
2025-05-11 18:00:00+00:00,0.1248
2025-05-11 19:00:00+00:00,0.140628
2025-05-11 20:00:00+00:00,0.12475199999999999
2025-05-11 21:00:00+00:00,0.108828
2025-05-11 22:00:00+00:00,0.107424
2025-05-11 23:00:00+00:00,0.10151999999999999
2025-05-12 00:00:00+00:00,0.10098
2025-05-12 01:00:00+00:00,0.101736
2025-05-12 02:00:00+00:00,0.10585199999999999
2025-05-12 03:00:00+00:00,0.118704
2025-05-12 04:00:00+00:00,0.159096
2025-05-12 05:00:00+00:00,0.169176
2025-05-12 06:00:00+00:00,0.12468
2025-05-12 07:00:00+00:00,0.083688
2025-05-12 08:00:00+00:00,0.007056
2025-05-12 09:00:00+00:00,-0.002388
2025-05-12 10:00:00+00:00,-0.006312
2025-05-12 11:00:00+00:00,-0.013332
2025-05-12 12:00:00+00:00,-0.025128
2025-05-12 13:00:00+00:00,0.007452
2025-05-12 14:00:00+00:00,0.075516
2025-05-12 15:00:00+00:00,0.08709599999999999
2025-05-12 16:00:00+00:00,0.12117599999999999
2025-05-12 17:00:00+00:00,0.148872
2025-05-12 18:00:00+00:00,0.140592
2025-05-12 19:00:00+00:00,0.124704
2025-05-12 20:00:00+00:00,0.11993999999999999
2025-05-12 21:00:00+00:00,0.108588
2025-05-12 22:00:00+00:00,0.10566
2025-05-12 23:00:00+00:00,0.106476
2025-05-13 00:00:00+00:00,0.108252
2025-05-13 01:00:00+00:00,0.11602799999999999
2025-05-13 02:00:00+00:00,0.12
2025-05-13 03:00:00+00:00,0.1248
2025-05-13 04:00:00+00:00,0.16341599999999998
2025-05-13 05:00:00+00:00,0.153996
2025-05-13 06:00:00+00:00,0.12050399999999999
2025-05-13 07:00:00+00:00,0.09877200000000001
2025-05-13 08:00:00+00:00,0.01962
2025-05-13 09:00:00+00:00,0.00948
2025-05-13 10:00:00+00:00,-0.003288
2025-05-13 11:00:00+00:00,-0.011951999999999999
2025-05-13 12:00:00+00:00,-0.015179999999999999
2025-05-13 13:00:00+00:00,-0.007608
2025-05-13 14:00:00+00:00,-0.0078119999999999995
2025-05-13 15:00:00+00:00,0.085548
2025-05-13 16:00:00+00:00,0.128112
2025-05-13 17:00:00+00:00,0.16091999999999998
2025-05-13 18:00:00+00:00,0.212508
2025-05-13 19:00:00+00:00,0.17286
2025-05-13 20:00:00+00:00,0.13001999999999997
2025-05-13 21:00:00+00:00,0.12114
2025-05-13 22:00:00+00:00,0.124692
2025-05-13 23:00:00+00:00,0.11899199999999999
2025-05-14 00:00:00+00:00,0.11648399999999998
2025-05-14 01:00:00+00:00,0.11641199999999999
2025-05-14 02:00:00+00:00,0.120396
2025-05-14 03:00:00+00:00,0.12753599999999998
2025-05-14 04:00:00+00:00,0.153708
2025-05-14 05:00:00+00:00,0.145788
2025-05-14 06:00:00+00:00,0.11965199999999998
2025-05-14 07:00:00+00:00,0.08761200000000001
2025-05-14 08:00:00+00:00,0.00017999999999999998
2025-05-14 09:00:00+00:00,-0.0020039999999999997
2025-05-14 10:00:00+00:00,-0.029568
2025-05-14 11:00:00+00:00,-0.046824000000000005
2025-05-14 12:00:00+00:00,-0.049752000000000005
2025-05-14 13:00:00+00:00,-0.015347999999999999
2025-05-14 14:00:00+00:00,0.0064919999999999995
2025-05-14 15:00:00+00:00,0.08388
2025-05-14 16:00:00+00:00,0.123108
2025-05-14 17:00:00+00:00,0.137832
2025-05-14 18:00:00+00:00,0.129552
2025-05-14 19:00:00+00:00,0.14391600000000002
2025-05-14 20:00:00+00:00,0.129312
2025-05-14 21:00:00+00:00,0.11878799999999999
2025-05-14 22:00:00+00:00,0.114468
2025-05-14 23:00:00+00:00,0.10435199999999999
2025-05-15 00:00:00+00:00,0.105636
2025-05-15 01:00:00+00:00,0.104712
2025-05-15 02:00:00+00:00,0.10784400000000001
2025-05-15 03:00:00+00:00,0.118728
2025-05-15 04:00:00+00:00,0.13812
2025-05-15 05:00:00+00:00,0.143076
2025-05-15 06:00:00+00:00,0.11888399999999999
2025-05-15 07:00:00+00:00,0.08320799999999999
2025-05-15 08:00:00+00:00,0.014268000000000001
2025-05-15 09:00:00+00:00,0.008628
2025-05-15 10:00:00+00:00,0.009023999999999999
2025-05-15 11:00:00+00:00,0.014027999999999999
2025-05-15 12:00:00+00:00,0.015719999999999998
2025-05-15 13:00:00+00:00,0.0489
2025-05-15 14:00:00+00:00,0.084
2025-05-15 15:00:00+00:00,0.08403599999999999
2025-05-15 16:00:00+00:00,0.10224
2025-05-15 17:00:00+00:00,0.127104
2025-05-15 18:00:00+00:00,0.138564
2025-05-15 19:00:00+00:00,0.14641200000000001
2025-05-15 20:00:00+00:00,0.129504
2025-05-15 21:00:00+00:00,0.11875199999999998
2025-05-15 22:00:00+00:00,0.111612
2025-05-15 23:00:00+00:00,0.10872
2025-05-16 00:00:00+00:00,0.105756
2025-05-16 01:00:00+00:00,0.104484
2025-05-16 02:00:00+00:00,0.10912799999999999
2025-05-16 03:00:00+00:00,0.11646
2025-05-16 04:00:00+00:00,0.130932
2025-05-16 05:00:00+00:00,0.137472
2025-05-16 06:00:00+00:00,0.123972
2025-05-16 07:00:00+00:00,0.09310800000000001
2025-05-16 08:00:00+00:00,0.04376399999999999
2025-05-16 09:00:00+00:00,0.009
2025-05-16 10:00:00+00:00,0.0
2025-05-16 11:00:00+00:00,-0.009611999999999999
2025-05-16 12:00:00+00:00,-0.004116
2025-05-16 13:00:00+00:00,0.026483999999999997
2025-05-16 14:00:00+00:00,0.0198
2025-05-16 15:00:00+00:00,0.09285599999999998
2025-05-16 16:00:00+00:00,0.12594
2025-05-16 17:00:00+00:00,0.149064
2025-05-16 18:00:00+00:00,0.165492
2025-05-16 19:00:00+00:00,0.15846
2025-05-16 20:00:00+00:00,0.14030399999999998
2025-05-16 21:00:00+00:00,0.122124
2025-05-16 22:00:00+00:00,0.11355599999999999
2025-05-16 23:00:00+00:00,0.113544
2025-05-17 00:00:00+00:00,0.107496
2025-05-17 01:00:00+00:00,0.10805999999999999
2025-05-17 02:00:00+00:00,0.10972799999999999
2025-05-17 03:00:00+00:00,0.11584799999999999
2025-05-17 04:00:00+00:00,0.11164800000000001
2025-05-17 05:00:00+00:00,0.10874400000000001
2025-05-17 06:00:00+00:00,0.07316399999999999
2025-05-17 07:00:00+00:00,0.000936
2025-05-17 08:00:00+00:00,-9.6e-05
2025-05-17 09:00:00+00:00,-0.0071400000000000005
2025-05-17 10:00:00+00:00,-0.0055439999999999994
2025-05-17 11:00:00+00:00,-0.012539999999999999
2025-05-17 12:00:00+00:00,-0.0141
2025-05-17 13:00:00+00:00,-0.007044
2025-05-17 14:00:00+00:00,-0.00948
2025-05-17 15:00:00+00:00,-0.01188
2025-05-17 16:00:00+00:00,0.07953600000000001
2025-05-17 17:00:00+00:00,0.11995199999999999
2025-05-17 18:00:00+00:00,0.13075199999999998
2025-05-17 19:00:00+00:00,0.143988
2025-05-17 20:00:00+00:00,0.132072
2025-05-17 21:00:00+00:00,0.128352
2025-05-17 22:00:00+00:00,0.129492
2025-05-17 23:00:00+00:00,0.12340799999999999
2025-05-18 00:00:00+00:00,0.119964
2025-05-18 01:00:00+00:00,0.118536
2025-05-18 02:00:00+00:00,0.119604
2025-05-18 03:00:00+00:00,0.119316
2025-05-18 04:00:00+00:00,0.110904
2025-05-18 05:00:00+00:00,0.105876
2025-05-18 06:00:00+00:00,0.07564799999999999
2025-05-18 07:00:00+00:00,0.010032
2025-05-18 08:00:00+00:00,0.0
2025-05-18 09:00:00+00:00,-0.00024
2025-05-18 10:00:00+00:00,-0.0024
2025-05-18 11:00:00+00:00,-0.008844
2025-05-18 12:00:00+00:00,-0.018
2025-05-18 13:00:00+00:00,-0.010764000000000001
2025-05-18 14:00:00+00:00,-0.00024
2025-05-18 15:00:00+00:00,0.034428
2025-05-18 16:00:00+00:00,0.10932
2025-05-18 17:00:00+00:00,0.132048
2025-05-18 18:00:00+00:00,0.14392799999999997
2025-05-18 19:00:00+00:00,0.159696
2025-05-18 20:00:00+00:00,0.14478
2025-05-18 21:00:00+00:00,0.12714
2025-05-18 22:00:00+00:00,0.135744
2025-05-18 23:00:00+00:00,0.128316
2025-05-19 00:00:00+00:00,0.119892
2025-05-19 01:00:00+00:00,0.116064
2025-05-19 02:00:00+00:00,0.119376
2025-05-19 03:00:00+00:00,0.131268
2025-05-19 04:00:00+00:00,0.15470399999999998
2025-05-19 05:00:00+00:00,0.157656
2025-05-19 06:00:00+00:00,0.130932
2025-05-19 07:00:00+00:00,0.116172
2025-05-19 08:00:00+00:00,0.086412
2025-05-19 09:00:00+00:00,0.034872
2025-05-19 10:00:00+00:00,0.015323999999999999
2025-05-19 11:00:00+00:00,0.006
2025-05-19 12:00:00+00:00,0.0096
2025-05-19 13:00:00+00:00,0.035124
2025-05-19 14:00:00+00:00,0.08556
2025-05-19 15:00:00+00:00,0.117792
2025-05-19 16:00:00+00:00,0.13738799999999998
2025-05-19 17:00:00+00:00,0.1725
2025-05-19 18:00:00+00:00,0.258492
2025-05-19 19:00:00+00:00,0.179976
2025-05-19 20:00:00+00:00,0.15558000000000002
2025-05-19 21:00:00+00:00,0.13808399999999998
2025-05-19 22:00:00+00:00,0.14038799999999999
2025-05-19 23:00:00+00:00,0.13195199999999999
2025-05-20 00:00:00+00:00,0.12739199999999998
2025-05-20 01:00:00+00:00,0.127632
2025-05-20 02:00:00+00:00,0.130968
2025-05-20 03:00:00+00:00,0.142752
2025-05-20 04:00:00+00:00,0.174672
2025-05-20 05:00:00+00:00,0.162324
2025-05-20 06:00:00+00:00,0.117768
2025-05-20 07:00:00+00:00,0.102672
2025-05-20 08:00:00+00:00,0.07725599999999999
2025-05-20 09:00:00+00:00,0.019212
2025-05-20 10:00:00+00:00,0.006588
2025-05-20 11:00:00+00:00,0.011916
2025-05-20 12:00:00+00:00,0.01266
2025-05-20 13:00:00+00:00,0.033948
2025-05-20 14:00:00+00:00,0.08406
2025-05-20 15:00:00+00:00,0.12307199999999999
2025-05-20 16:00:00+00:00,0.134796
2025-05-20 17:00:00+00:00,0.15621600000000002
2025-05-20 18:00:00+00:00,0.18073200000000003
2025-05-20 19:00:00+00:00,0.161472
2025-05-20 20:00:00+00:00,0.137676
2025-05-20 21:00:00+00:00,0.13434000000000001
2025-05-20 22:00:00+00:00,0.12951600000000002
2025-05-20 23:00:00+00:00,0.122796
2025-05-21 00:00:00+00:00,0.11748
2025-05-21 01:00:00+00:00,0.11388000000000001
2025-05-21 02:00:00+00:00,0.11244
2025-05-21 03:00:00+00:00,0.12298799999999999
2025-05-21 04:00:00+00:00,0.134976
2025-05-21 05:00:00+00:00,0.139848
2025-05-21 06:00:00+00:00,0.129384
2025-05-21 07:00:00+00:00,0.10178399999999999
2025-05-21 08:00:00+00:00,0.050664
2025-05-21 09:00:00+00:00,0.00017999999999999998
2025-05-21 10:00:00+00:00,-0.00012
2025-05-21 11:00:00+00:00,-0.00264
2025-05-21 12:00:00+00:00,-0.001836
2025-05-21 13:00:00+00:00,-1.2e-05
2025-05-21 14:00:00+00:00,0.0024720000000000002
2025-05-21 15:00:00+00:00,0.058896
2025-05-21 16:00:00+00:00,0.103584
2025-05-21 17:00:00+00:00,0.12011999999999999
2025-05-21 18:00:00+00:00,0.13721999999999998
2025-05-21 19:00:00+00:00,0.132324
2025-05-21 20:00:00+00:00,0.120864
2025-05-21 21:00:00+00:00,0.108
2025-05-21 22:00:00+00:00,0.127128
2025-05-21 23:00:00+00:00,0.11408399999999998
2025-05-22 00:00:00+00:00,0.10903199999999999
2025-05-22 01:00:00+00:00,0.110448
2025-05-22 02:00:00+00:00,0.110004
2025-05-22 03:00:00+00:00,0.118212
2025-05-22 04:00:00+00:00,0.139704
2025-05-22 05:00:00+00:00,0.149892
2025-05-22 06:00:00+00:00,0.12594
2025-05-22 07:00:00+00:00,0.11946
2025-05-22 08:00:00+00:00,0.111468
2025-05-22 09:00:00+00:00,0.1059
2025-05-22 10:00:00+00:00,0.108
2025-05-22 11:00:00+00:00,0.097512
2025-05-22 12:00:00+00:00,0.101544
2025-05-22 13:00:00+00:00,0.114876
2025-05-22 14:00:00+00:00,0.11875199999999998
2025-05-22 15:00:00+00:00,0.12002399999999999
2025-05-22 16:00:00+00:00,0.120816
2025-05-22 17:00:00+00:00,0.14793599999999998
2025-05-22 18:00:00+00:00,0.167124
2025-05-22 19:00:00+00:00,0.16427999999999998
2025-05-22 20:00:00+00:00,0.14682
2025-05-22 21:00:00+00:00,0.131568
2025-05-22 22:00:00+00:00,0.12834
2025-05-22 23:00:00+00:00,0.120972
2025-05-23 00:00:00+00:00,0.11265599999999998
2025-05-23 01:00:00+00:00,0.11234400000000001
2025-05-23 02:00:00+00:00,0.11748
2025-05-23 03:00:00+00:00,0.132648
2025-05-23 04:00:00+00:00,0.16188
2025-05-23 05:00:00+00:00,0.16237200000000002
2025-05-23 06:00:00+00:00,0.137976
2025-05-23 07:00:00+00:00,0.101316
2025-05-23 08:00:00+00:00,0.08644800000000001
2025-05-23 09:00:00+00:00,0.073572
2025-05-23 10:00:00+00:00,0.016127999999999997
2025-05-23 11:00:00+00:00,0.021396
2025-05-23 12:00:00+00:00,0.024
2025-05-23 13:00:00+00:00,0.077976
2025-05-23 14:00:00+00:00,0.100752
2025-05-23 15:00:00+00:00,0.104088
2025-05-23 16:00:00+00:00,0.135204
2025-05-23 17:00:00+00:00,0.16668
2025-05-23 18:00:00+00:00,0.185916
2025-05-23 19:00:00+00:00,0.179712
2025-05-23 20:00:00+00:00,0.15590399999999996
2025-05-23 21:00:00+00:00,0.134976
2025-05-23 22:00:00+00:00,0.12875999999999999
2025-05-23 23:00:00+00:00,0.117336
2025-05-24 00:00:00+00:00,0.11159999999999999
2025-05-24 01:00:00+00:00,0.10542
2025-05-24 02:00:00+00:00,0.102972
2025-05-24 03:00:00+00:00,0.099756
2025-05-24 04:00:00+00:00,0.10015199999999999
2025-05-24 05:00:00+00:00,0.093636
2025-05-24 06:00:00+00:00,0.075012
2025-05-24 07:00:00+00:00,0.014712
2025-05-24 08:00:00+00:00,-1.2e-05
2025-05-24 09:00:00+00:00,0.0
2025-05-24 10:00:00+00:00,9.6e-05
2025-05-24 11:00:00+00:00,9.6e-05
2025-05-24 12:00:00+00:00,0.000324
2025-05-24 13:00:00+00:00,-0.0011519999999999998
2025-05-24 14:00:00+00:00,0.002064
2025-05-24 15:00:00+00:00,0.064992
2025-05-24 16:00:00+00:00,0.10801200000000001
2025-05-24 17:00:00+00:00,0.14252399999999998
2025-05-24 18:00:00+00:00,0.166128
2025-05-24 19:00:00+00:00,0.14998799999999998
2025-05-24 20:00:00+00:00,0.124944
2025-05-24 21:00:00+00:00,0.11152799999999999
2025-05-24 22:00:00+00:00,0.09002399999999998
2025-05-24 23:00:00+00:00,0.074436
2025-05-25 00:00:00+00:00,0.031487999999999995
2025-05-25 01:00:00+00:00,0.010067999999999999
2025-05-25 02:00:00+00:00,0.004704
2025-05-25 03:00:00+00:00,0.0059759999999999995
2025-05-25 04:00:00+00:00,0.0015
2025-05-25 05:00:00+00:00,0.00156
2025-05-25 06:00:00+00:00,4.8e-05
2025-05-25 07:00:00+00:00,8.400000000000001e-05
2025-05-25 08:00:00+00:00,-0.001032
2025-05-25 09:00:00+00:00,-0.0027119999999999996
2025-05-25 10:00:00+00:00,-0.003312
2025-05-25 11:00:00+00:00,-0.006984000000000001
2025-05-25 12:00:00+00:00,-0.009708
2025-05-25 13:00:00+00:00,-0.008171999999999999
2025-05-25 14:00:00+00:00,-0.002628
2025-05-25 15:00:00+00:00,0.0051
2025-05-25 16:00:00+00:00,0.060419999999999995
2025-05-25 17:00:00+00:00,0.11224800000000001
2025-05-25 18:00:00+00:00,0.134604
2025-05-25 19:00:00+00:00,0.136284
2025-05-25 20:00:00+00:00,0.12594
2025-05-25 21:00:00+00:00,0.115548
2025-05-25 22:00:00+00:00,0.10656
2025-05-25 23:00:00+00:00,0.097248
2025-05-26 00:00:00+00:00,0.09208799999999999
2025-05-26 01:00:00+00:00,0.09103199999999999
2025-05-26 02:00:00+00:00,0.09601200000000001
2025-05-26 03:00:00+00:00,0.105756
2025-05-26 04:00:00+00:00,0.140316
2025-05-26 05:00:00+00:00,0.17426399999999997
2025-05-26 06:00:00+00:00,0.155892
2025-05-26 07:00:00+00:00,0.11014800000000001
2025-05-26 08:00:00+00:00,0.08734800000000001
2025-05-26 09:00:00+00:00,0.039072
2025-05-26 10:00:00+00:00,0.029579999999999995
2025-05-26 11:00:00+00:00,0.02238
2025-05-26 12:00:00+00:00,0.012263999999999999
2025-05-26 13:00:00+00:00,0.012468
2025-05-26 14:00:00+00:00,0.03162
2025-05-26 15:00:00+00:00,0.07325999999999999
2025-05-26 16:00:00+00:00,0.132576
2025-05-26 17:00:00+00:00,0.16610399999999997
2025-05-26 18:00:00+00:00,0.239496
2025-05-26 19:00:00+00:00,0.20203200000000002
2025-05-26 20:00:00+00:00,0.14030399999999998
2025-05-26 21:00:00+00:00,0.126108
2025-05-26 22:00:00+00:00,0.11964
2025-05-26 23:00:00+00:00,0.103836
2025-05-27 00:00:00+00:00,0.0921
2025-05-27 01:00:00+00:00,0.08884800000000001
2025-05-27 02:00:00+00:00,0.093432
2025-05-27 03:00:00+00:00,0.09880799999999999
2025-05-27 04:00:00+00:00,0.10914
2025-05-27 05:00:00+00:00,0.103092
2025-05-27 06:00:00+00:00,0.083916
2025-05-27 07:00:00+00:00,0.062544
2025-05-27 08:00:00+00:00,0.005436
2025-05-27 09:00:00+00:00,0.004176
2025-05-27 10:00:00+00:00,0.00024
2025-05-27 11:00:00+00:00,0.002664
2025-05-27 12:00:00+00:00,0.0071519999999999995
2025-05-27 13:00:00+00:00,0.020208
2025-05-27 14:00:00+00:00,0.072084
2025-05-27 15:00:00+00:00,0.10912799999999999
2025-05-27 16:00:00+00:00,0.135012
2025-05-27 17:00:00+00:00,0.16025999999999999
2025-05-27 18:00:00+00:00,0.180588
2025-05-27 19:00:00+00:00,0.155064
2025-05-27 20:00:00+00:00,0.131232
2025-05-27 21:00:00+00:00,0.108828
2025-05-27 22:00:00+00:00,0.104376
2025-05-27 23:00:00+00:00,0.087684
2025-05-28 00:00:00+00:00,0.08395199999999998
2025-05-28 01:00:00+00:00,0.078732
2025-05-28 02:00:00+00:00,0.08256
2025-05-28 03:00:00+00:00,0.09451200000000001
2025-05-28 04:00:00+00:00,0.112704
2025-05-28 05:00:00+00:00,0.12372
2025-05-28 06:00:00+00:00,0.11708399999999998
2025-05-28 07:00:00+00:00,0.112728
2025-05-28 08:00:00+00:00,0.097668
2025-05-28 09:00:00+00:00,0.091308
2025-05-28 10:00:00+00:00,0.08211600000000001
2025-05-28 11:00:00+00:00,0.07441199999999999
2025-05-28 12:00:00+00:00,0.06769199999999999
2025-05-28 13:00:00+00:00,0.066972
2025-05-28 14:00:00+00:00,0.084576
2025-05-28 15:00:00+00:00,0.11275199999999998
2025-05-28 16:00:00+00:00,0.136044
2025-05-28 17:00:00+00:00,0.160716
2025-05-28 18:00:00+00:00,0.191616
2025-05-28 19:00:00+00:00,0.151392
2025-05-28 20:00:00+00:00,0.137484
2025-05-28 21:00:00+00:00,0.117528
2025-05-28 22:00:00+00:00,0.11538
2025-05-28 23:00:00+00:00,0.11001600000000002
2025-05-29 00:00:00+00:00,0.107988
2025-05-29 01:00:00+00:00,0.107508
2025-05-29 02:00:00+00:00,0.10718399999999999
2025-05-29 03:00:00+00:00,0.10794
2025-05-29 04:00:00+00:00,0.104904
2025-05-29 05:00:00+00:00,0.096588
2025-05-29 06:00:00+00:00,0.09792
2025-05-29 07:00:00+00:00,0.072396
2025-05-29 08:00:00+00:00,0.020964
2025-05-29 09:00:00+00:00,0.001764
2025-05-29 10:00:00+00:00,1.2e-05
2025-05-29 11:00:00+00:00,0.002376
2025-05-29 12:00:00+00:00,-0.0034319999999999997
2025-05-29 13:00:00+00:00,0.005123999999999999
2025-05-29 14:00:00+00:00,0.011472000000000001
2025-05-29 15:00:00+00:00,0.048
2025-05-29 16:00:00+00:00,0.06971999999999999
2025-05-29 17:00:00+00:00,0.097308
2025-05-29 18:00:00+00:00,0.10854
2025-05-29 19:00:00+00:00,0.107976
2025-05-29 20:00:00+00:00,0.10796399999999999
2025-05-29 21:00:00+00:00,0.08911200000000001
2025-05-29 22:00:00+00:00,0.074472
2025-05-29 23:00:00+00:00,0.055068
2025-05-30 00:00:00+00:00,0.04801199999999999
2025-05-30 01:00:00+00:00,0.04074
2025-05-30 02:00:00+00:00,0.044868
2025-05-30 03:00:00+00:00,0.06804
2025-05-30 04:00:00+00:00,0.09728399999999998
2025-05-30 05:00:00+00:00,0.08205599999999999
2025-05-30 06:00:00+00:00,0.06361199999999999
2025-05-30 07:00:00+00:00,0.034956
2025-05-30 08:00:00+00:00,0.002196
2025-05-30 09:00:00+00:00,0.000372
2025-05-30 10:00:00+00:00,0.0039239999999999995
2025-05-30 11:00:00+00:00,0.0006
2025-05-30 12:00:00+00:00,-0.000924
2025-05-30 13:00:00+00:00,8.400000000000001e-05
2025-05-30 14:00:00+00:00,0.00014399999999999998
2025-05-30 15:00:00+00:00,0.020759999999999997
2025-05-30 16:00:00+00:00,0.0909
2025-05-30 17:00:00+00:00,0.147708
2025-05-30 18:00:00+00:00,0.18056399999999997
2025-05-30 19:00:00+00:00,0.170928
2025-05-30 20:00:00+00:00,0.156228
2025-05-30 21:00:00+00:00,0.129948
2025-05-30 22:00:00+00:00,0.1284
2025-05-30 23:00:00+00:00,0.121608
2025-05-31 00:00:00+00:00,0.12140399999999998
2025-05-31 01:00:00+00:00,0.122928
2025-05-31 02:00:00+00:00,0.12423599999999999
2025-05-31 03:00:00+00:00,0.1215
2025-05-31 04:00:00+00:00,0.10211999999999999
2025-05-31 05:00:00+00:00,0.086472
2025-05-31 06:00:00+00:00,0.06244799999999999
2025-05-31 07:00:00+00:00,0.0012
2025-05-31 08:00:00+00:00,-2.4e-05
2025-05-31 09:00:00+00:00,-0.0012
2025-05-31 10:00:00+00:00,-0.0036839999999999998
2025-05-31 11:00:00+00:00,-0.015804
2025-05-31 12:00:00+00:00,-0.0093
2025-05-31 13:00:00+00:00,-0.0036
2025-05-31 14:00:00+00:00,-6e-05
2025-05-31 15:00:00+00:00,0.052824
2025-05-31 16:00:00+00:00,0.106152
2025-05-31 17:00:00+00:00,0.15696
2025-05-31 18:00:00+00:00,0.176352
2025-05-31 19:00:00+00:00,0.210336
2025-05-31 20:00:00+00:00,0.155964
2025-05-31 21:00:00+00:00,0.12416399999999998
2025-05-31 22:00:00+00:00,0.11024400000000001
2025-05-31 23:00:00+00:00,0.101928
2025-06-01 00:00:00+00:00,0.087648
2025-06-01 01:00:00+00:00,0.083592
2025-06-01 02:00:00+00:00,0.08125199999999999
2025-06-01 03:00:00+00:00,0.0747
2025-06-01 04:00:00+00:00,0.041676
2025-06-01 05:00:00+00:00,0.0156
2025-06-01 06:00:00+00:00,0.0028799999999999997
2025-06-01 07:00:00+00:00,-1.2e-05
2025-06-01 08:00:00+00:00,-0.0007199999999999999
2025-06-01 09:00:00+00:00,-0.002532
2025-06-01 10:00:00+00:00,-0.006576
2025-06-01 11:00:00+00:00,-0.015516
2025-06-01 12:00:00+00:00,-0.024492
2025-06-01 13:00:00+00:00,-0.018732
2025-06-01 14:00:00+00:00,-0.0072
2025-06-01 15:00:00+00:00,-0.001908
2025-06-01 16:00:00+00:00,0.025476
2025-06-01 17:00:00+00:00,0.10842
2025-06-01 18:00:00+00:00,0.120048
2025-06-01 19:00:00+00:00,0.11607600000000001
2025-06-01 20:00:00+00:00,0.13072799999999998
2025-06-01 21:00:00+00:00,0.11348399999999997
2025-06-01 22:00:00+00:00,0.10327199999999999
2025-06-01 23:00:00+00:00,0.09488399999999998
2025-06-02 00:00:00+00:00,0.093504
2025-06-02 01:00:00+00:00,0.096588
2025-06-02 02:00:00+00:00,0.10513199999999999
2025-06-02 03:00:00+00:00,0.11031600000000001
2025-06-02 04:00:00+00:00,0.13045199999999998
2025-06-02 05:00:00+00:00,0.128544
2025-06-02 06:00:00+00:00,0.12269999999999999
2025-06-02 07:00:00+00:00,0.105972
2025-06-02 08:00:00+00:00,0.072108
2025-06-02 09:00:00+00:00,0.039852000000000005
2025-06-02 10:00:00+00:00,0.024
2025-06-02 11:00:00+00:00,0.015335999999999999
2025-06-02 12:00:00+00:00,0.013199999999999998
2025-06-02 13:00:00+00:00,0.0237
2025-06-02 14:00:00+00:00,0.07344
2025-06-02 15:00:00+00:00,0.10684800000000001
2025-06-02 16:00:00+00:00,0.12349199999999999
2025-06-02 17:00:00+00:00,0.132648
2025-06-02 18:00:00+00:00,0.15820800000000002
2025-06-02 19:00:00+00:00,0.2535
2025-06-02 20:00:00+00:00,0.15045599999999998
2025-06-02 21:00:00+00:00,0.12482399999999999
2025-06-02 22:00:00+00:00,0.142308
2025-06-02 23:00:00+00:00,0.136452
2025-06-03 00:00:00+00:00,0.128928
2025-06-03 01:00:00+00:00,0.12372
2025-06-03 02:00:00+00:00,0.12032399999999999
2025-06-03 03:00:00+00:00,0.132576
2025-06-03 04:00:00+00:00,0.16341599999999998
2025-06-03 05:00:00+00:00,0.152052
2025-06-03 06:00:00+00:00,0.107208
2025-06-03 07:00:00+00:00,0.069684
2025-06-03 08:00:00+00:00,0.006252
2025-06-03 09:00:00+00:00,0.005436
2025-06-03 10:00:00+00:00,0.006443999999999999
2025-06-03 11:00:00+00:00,0.00426
2025-06-03 12:00:00+00:00,0.0020039999999999997
2025-06-03 13:00:00+00:00,0.009647999999999999
2025-06-03 14:00:00+00:00,0.041256
2025-06-03 15:00:00+00:00,0.093564
2025-06-03 16:00:00+00:00,0.124056
2025-06-03 17:00:00+00:00,0.15931199999999998
2025-06-03 18:00:00+00:00,0.218304
2025-06-03 19:00:00+00:00,0.16125599999999998
2025-06-03 20:00:00+00:00,0.130764
2025-06-03 21:00:00+00:00,0.12191999999999999
2025-06-03 22:00:00+00:00,0.10015199999999999
2025-06-03 23:00:00+00:00,0.09011999999999999
2025-06-04 00:00:00+00:00,0.08563199999999999
2025-06-04 01:00:00+00:00,0.085524
2025-06-04 02:00:00+00:00,0.090504
2025-06-04 03:00:00+00:00,0.09769199999999999
2025-06-04 04:00:00+00:00,0.10341600000000001
2025-06-04 05:00:00+00:00,0.133044
2025-06-04 06:00:00+00:00,0.11399999999999999
2025-06-04 07:00:00+00:00,0.073272
2025-06-04 08:00:00+00:00,0.0024119999999999996
2025-06-04 09:00:00+00:00,-0.0058920000000000005
2025-06-04 10:00:00+00:00,0.003564
2025-06-04 11:00:00+00:00,0.011627999999999998
2025-06-04 12:00:00+00:00,0.021912
2025-06-04 13:00:00+00:00,0.05202
2025-06-04 14:00:00+00:00,0.07682399999999999
2025-06-04 15:00:00+00:00,0.096912
2025-06-04 16:00:00+00:00,0.10965599999999999
2025-06-04 17:00:00+00:00,0.10326
2025-06-04 18:00:00+00:00,0.11038799999999999
2025-06-04 19:00:00+00:00,0.106824
2025-06-04 20:00:00+00:00,0.10520399999999999
2025-06-04 21:00:00+00:00,0.09204
2025-06-04 22:00:00+00:00,0.10393199999999998
2025-06-04 23:00:00+00:00,0.10914
2025-06-05 00:00:00+00:00,0.103212
2025-06-05 01:00:00+00:00,0.103164
2025-06-05 02:00:00+00:00,0.103488
2025-06-05 03:00:00+00:00,0.105708
2025-06-05 04:00:00+00:00,0.11395199999999998
2025-06-05 05:00:00+00:00,0.134316
2025-06-05 06:00:00+00:00,0.121296
2025-06-05 07:00:00+00:00,0.088824
2025-06-05 08:00:00+00:00,0.077064
2025-06-05 09:00:00+00:00,0.059148
2025-06-05 10:00:00+00:00,0.024444000000000004
2025-06-05 11:00:00+00:00,0.013919999999999998
2025-06-05 12:00:00+00:00,0.008484
2025-06-05 13:00:00+00:00,0.024263999999999997
2025-06-05 14:00:00+00:00,0.06792000000000001
2025-06-05 15:00:00+00:00,0.094092
2025-06-05 16:00:00+00:00,0.104004
2025-06-05 17:00:00+00:00,0.105492
2025-06-05 18:00:00+00:00,0.105528
2025-06-05 19:00:00+00:00,0.11998799999999998
2025-06-05 20:00:00+00:00,0.116772
2025-06-05 21:00:00+00:00,0.101892
2025-06-05 22:00:00+00:00,0.088668
2025-06-05 23:00:00+00:00,0.087648
2025-06-06 00:00:00+00:00,0.080148
2025-06-06 01:00:00+00:00,0.067284
2025-06-06 02:00:00+00:00,0.074472
2025-06-06 03:00:00+00:00,0.075852
2025-06-06 04:00:00+00:00,0.088752
2025-06-06 05:00:00+00:00,0.101592
2025-06-06 06:00:00+00:00,0.0717
2025-06-06 07:00:00+00:00,0.007896
2025-06-06 08:00:00+00:00,2.4e-05
2025-06-06 09:00:00+00:00,-0.000996
2025-06-06 10:00:00+00:00,-0.007115999999999999
2025-06-06 11:00:00+00:00,-0.011172
2025-06-06 12:00:00+00:00,-0.011087999999999999
2025-06-06 13:00:00+00:00,-0.013692
2025-06-06 14:00:00+00:00,1.2e-05
2025-06-06 15:00:00+00:00,-0.007824
2025-06-06 16:00:00+00:00,0.074448
2025-06-06 17:00:00+00:00,0.13034400000000002
2025-06-06 18:00:00+00:00,0.12358799999999999
2025-06-06 19:00:00+00:00,0.1596
2025-06-06 20:00:00+00:00,0.14959199999999997
2025-06-06 21:00:00+00:00,0.123636
2025-06-06 22:00:00+00:00,0.096
2025-06-06 23:00:00+00:00,0.080928
2025-06-07 00:00:00+00:00,0.076968
2025-06-07 01:00:00+00:00,0.083004
2025-06-07 02:00:00+00:00,0.08861999999999999
2025-06-07 03:00:00+00:00,0.08952
2025-06-07 04:00:00+00:00,0.09431999999999999
2025-06-07 05:00:00+00:00,0.09334800000000001
2025-06-07 06:00:00+00:00,0.08549999999999999
2025-06-07 07:00:00+00:00,0.069624
2025-06-07 08:00:00+00:00,0.033984
2025-06-07 09:00:00+00:00,0.011327999999999998
2025-06-07 10:00:00+00:00,0.0014279999999999998
2025-06-07 11:00:00+00:00,-1.2e-05
2025-06-07 12:00:00+00:00,-2.4e-05
2025-06-07 13:00:00+00:00,-2.4e-05
2025-06-07 14:00:00+00:00,0.005376000000000001
2025-06-07 15:00:00+00:00,0.032892
2025-06-07 16:00:00+00:00,0.08869200000000001
2025-06-07 17:00:00+00:00,0.08878799999999999
2025-06-07 18:00:00+00:00,0.09971999999999999
2025-06-07 19:00:00+00:00,0.108672
2025-06-07 20:00:00+00:00,0.100212
2025-06-07 21:00:00+00:00,0.098844
2025-06-07 22:00:00+00:00,0.113904
2025-06-07 23:00:00+00:00,0.105528
2025-06-08 00:00:00+00:00,0.097536
2025-06-08 01:00:00+00:00,0.09178799999999998
2025-06-08 02:00:00+00:00,0.085488
2025-06-08 03:00:00+00:00,0.070836
2025-06-08 04:00:00+00:00,0.050208
2025-06-08 05:00:00+00:00,0.004871999999999999
2025-06-08 06:00:00+00:00,0.0
2025-06-08 07:00:00+00:00,-0.0006
2025-06-08 08:00:00+00:00,-0.0024
2025-06-08 09:00:00+00:00,-0.004536
2025-06-08 10:00:00+00:00,-0.020867999999999998
2025-06-08 11:00:00+00:00,-0.028763999999999998
2025-06-08 12:00:00+00:00,-0.033215999999999996
2025-06-08 13:00:00+00:00,-0.029592
2025-06-08 14:00:00+00:00,0.0
2025-06-08 15:00:00+00:00,0.03931199999999999
2025-06-08 16:00:00+00:00,0.067212
2025-06-08 17:00:00+00:00,0.10308
2025-06-08 18:00:00+00:00,0.11388000000000001
2025-06-08 19:00:00+00:00,0.12278399999999999
2025-06-08 20:00:00+00:00,0.103164
2025-06-08 21:00:00+00:00,0.08605199999999999
2025-06-08 22:00:00+00:00,0.046704
2025-06-08 23:00:00+00:00,0.039155999999999996
2025-06-09 00:00:00+00:00,0.041195999999999997
2025-06-09 01:00:00+00:00,0.040224
2025-06-09 02:00:00+00:00,0.045492
2025-06-09 03:00:00+00:00,0.061248
2025-06-09 04:00:00+00:00,0.063816
2025-06-09 05:00:00+00:00,0.038172
2025-06-09 06:00:00+00:00,0.000408
2025-06-09 07:00:00+00:00,-0.0048
2025-06-09 08:00:00+00:00,-0.002352
2025-06-09 09:00:00+00:00,-0.009708
2025-06-09 10:00:00+00:00,-0.017184
2025-06-09 11:00:00+00:00,-0.023195999999999998
2025-06-09 12:00:00+00:00,-0.011639999999999998
2025-06-09 13:00:00+00:00,-0.011160000000000002
2025-06-09 14:00:00+00:00,0.0048
2025-06-09 15:00:00+00:00,0.002976
2025-06-09 16:00:00+00:00,0.07489199999999999
2025-06-09 17:00:00+00:00,0.12011999999999999
2025-06-09 18:00:00+00:00,0.13074
2025-06-09 19:00:00+00:00,0.162
2025-06-09 20:00:00+00:00,0.146304
2025-06-09 21:00:00+00:00,0.124356
2025-06-09 22:00:00+00:00,0.10849199999999999
2025-06-09 23:00:00+00:00,0.09880799999999999
2025-06-10 00:00:00+00:00,0.085404
2025-06-10 01:00:00+00:00,0.07445999999999998
2025-06-10 02:00:00+00:00,0.06725999999999999
2025-06-10 03:00:00+00:00,0.074844
2025-06-10 04:00:00+00:00,0.09511200000000002
2025-06-10 05:00:00+00:00,0.102228
2025-06-10 06:00:00+00:00,0.10353599999999999
2025-06-10 07:00:00+00:00,0.07449599999999999
2025-06-10 08:00:00+00:00,0.027684
2025-06-10 09:00:00+00:00,0.0020159999999999996
2025-06-10 10:00:00+00:00,-0.000396
2025-06-10 11:00:00+00:00,-0.0024599999999999995
2025-06-10 12:00:00+00:00,-0.0071519999999999995
2025-06-10 13:00:00+00:00,-0.004392
2025-06-10 14:00:00+00:00,3.5999999999999994e-05
2025-06-10 15:00:00+00:00,0.095148
2025-06-10 16:00:00+00:00,0.123552
2025-06-10 17:00:00+00:00,0.151176
2025-06-10 18:00:00+00:00,0.146376
2025-06-10 19:00:00+00:00,0.13205999999999998
2025-06-10 20:00:00+00:00,0.115116
2025-06-10 21:00:00+00:00,0.08861999999999999
2025-06-10 22:00:00+00:00,0.09595199999999998
2025-06-10 23:00:00+00:00,0.08766
2025-06-11 00:00:00+00:00,0.081348
2025-06-11 01:00:00+00:00,0.08769599999999998
2025-06-11 02:00:00+00:00,0.08766
2025-06-11 03:00:00+00:00,0.08853599999999999
2025-06-11 04:00:00+00:00,0.116268
2025-06-11 05:00:00+00:00,0.119808
2025-06-11 06:00:00+00:00,0.0963
2025-06-11 07:00:00+00:00,0.070836
2025-06-11 08:00:00+00:00,0.023652000000000003
2025-06-11 09:00:00+00:00,0.001656
2025-06-11 10:00:00+00:00,0.0008879999999999999
2025-06-11 11:00:00+00:00,1.2e-05
2025-06-11 12:00:00+00:00,-0.004079999999999999
2025-06-11 13:00:00+00:00,-0.0028799999999999997
2025-06-11 14:00:00+00:00,0.019428000000000004
2025-06-11 15:00:00+00:00,0.082548
2025-06-11 16:00:00+00:00,0.107664
2025-06-11 17:00:00+00:00,0.15873600000000002
2025-06-11 18:00:00+00:00,0.250596
2025-06-11 19:00:00+00:00,0.205728
2025-06-11 20:00:00+00:00,0.141756
2025-06-11 21:00:00+00:00,0.11694
2025-06-11 22:00:00+00:00,0.111492
2025-06-11 23:00:00+00:00,0.10524
2025-06-12 00:00:00+00:00,0.10121999999999999
2025-06-12 01:00:00+00:00,0.10182
2025-06-12 02:00:00+00:00,0.106872
2025-06-12 03:00:00+00:00,0.1104
2025-06-12 04:00:00+00:00,0.131712
2025-06-12 05:00:00+00:00,0.116196
2025-06-12 06:00:00+00:00,0.09199199999999999
2025-06-12 07:00:00+00:00,0.043752
2025-06-12 08:00:00+00:00,0.0
2025-06-12 09:00:00+00:00,-0.0024
2025-06-12 10:00:00+00:00,-0.024
2025-06-12 11:00:00+00:00,-0.03456
2025-06-12 12:00:00+00:00,-0.031548
2025-06-12 13:00:00+00:00,-0.013884
2025-06-12 14:00:00+00:00,-0.003336
2025-06-12 15:00:00+00:00,0.032712000000000005
2025-06-12 16:00:00+00:00,0.11028
2025-06-12 17:00:00+00:00,0.162852
2025-06-12 18:00:00+00:00,0.215604
2025-06-12 19:00:00+00:00,0.162
2025-06-12 20:00:00+00:00,0.141744
2025-06-12 21:00:00+00:00,0.11035199999999999
2025-06-12 22:00:00+00:00,0.106152
2025-06-12 23:00:00+00:00,0.09438
2025-06-13 00:00:00+00:00,0.091152
2025-06-13 01:00:00+00:00,0.09109199999999999
2025-06-13 02:00:00+00:00,0.09044400000000001
2025-06-13 03:00:00+00:00,0.09611999999999998
2025-06-13 04:00:00+00:00,0.11004
2025-06-13 05:00:00+00:00,0.1029
2025-06-13 06:00:00+00:00,0.09118799999999998
2025-06-13 07:00:00+00:00,0.048527999999999995
2025-06-13 08:00:00+00:00,0.004919999999999999
2025-06-13 09:00:00+00:00,-4.8e-05
2025-06-13 10:00:00+00:00,-0.005555999999999999
2025-06-13 11:00:00+00:00,-0.014784
2025-06-13 12:00:00+00:00,-0.012084000000000001
2025-06-13 13:00:00+00:00,-0.003648
2025-06-13 14:00:00+00:00,-1.2e-05
2025-06-13 15:00:00+00:00,0.046043999999999995
2025-06-13 16:00:00+00:00,0.100416
2025-06-13 17:00:00+00:00,0.14632799999999999
2025-06-13 18:00:00+00:00,0.176676
2025-06-13 19:00:00+00:00,0.144348
2025-06-13 20:00:00+00:00,0.128292
2025-06-13 21:00:00+00:00,0.104364
2025-06-13 22:00:00+00:00,0.12037199999999999
2025-06-13 23:00:00+00:00,0.10101600000000001
2025-06-14 00:00:00+00:00,0.096
2025-06-14 01:00:00+00:00,0.093708
2025-06-14 02:00:00+00:00,0.085548
2025-06-14 03:00:00+00:00,0.07689599999999999
2025-06-14 04:00:00+00:00,0.061152
2025-06-14 05:00:00+00:00,0.027779999999999996
2025-06-14 06:00:00+00:00,0.009792
2025-06-14 07:00:00+00:00,0.0
2025-06-14 08:00:00+00:00,-0.004632
2025-06-14 09:00:00+00:00,-0.018168
2025-06-14 10:00:00+00:00,-0.063288
2025-06-14 11:00:00+00:00,-0.06215999999999999
2025-06-14 12:00:00+00:00,-0.03279599999999999
2025-06-14 13:00:00+00:00,-0.008196
2025-06-14 14:00:00+00:00,-0.0004919999999999999
2025-06-14 15:00:00+00:00,0.00972
2025-06-14 16:00:00+00:00,0.09671999999999999
2025-06-14 17:00:00+00:00,0.15591600000000003
2025-06-14 18:00:00+00:00,0.17909999999999998
2025-06-14 19:00:00+00:00,0.15264
2025-06-14 20:00:00+00:00,0.147576
2025-06-14 21:00:00+00:00,0.125988
2025-06-14 22:00:00+00:00,0.11031600000000001
2025-06-14 23:00:00+00:00,0.104316
2025-06-15 00:00:00+00:00,0.10238399999999999
2025-06-15 01:00:00+00:00,0.10428
2025-06-15 02:00:00+00:00,0.107448
2025-06-15 03:00:00+00:00,0.107988
2025-06-15 04:00:00+00:00,0.09505199999999998
2025-06-15 05:00:00+00:00,0.070848
2025-06-15 06:00:00+00:00,0.006
2025-06-15 07:00:00+00:00,-0.001212
2025-06-15 08:00:00+00:00,0.0
2025-06-15 09:00:00+00:00,-2.4e-05
2025-06-15 10:00:00+00:00,-0.001836
2025-06-15 11:00:00+00:00,-0.007019999999999999
2025-06-15 12:00:00+00:00,-0.006
2025-06-15 13:00:00+00:00,-0.0024
2025-06-15 14:00:00+00:00,-1.2e-05
2025-06-15 15:00:00+00:00,0.06617999999999999
2025-06-15 16:00:00+00:00,0.11036399999999999
2025-06-15 17:00:00+00:00,0.147564
2025-06-15 18:00:00+00:00,0.170616
2025-06-15 19:00:00+00:00,0.16313999999999998
2025-06-15 20:00:00+00:00,0.15394799999999997
2025-06-15 21:00:00+00:00,0.116532
2025-06-15 22:00:00+00:00,0.12449999999999999
2025-06-15 23:00:00+00:00,0.11028
2025-06-16 00:00:00+00:00,0.099756
2025-06-16 01:00:00+00:00,0.103308
2025-06-16 02:00:00+00:00,0.099348
2025-06-16 03:00:00+00:00,0.106068
2025-06-16 04:00:00+00:00,0.129972
2025-06-16 05:00:00+00:00,0.14709599999999998
2025-06-16 06:00:00+00:00,0.12605999999999998
2025-06-16 07:00:00+00:00,0.097164
2025-06-16 08:00:00+00:00,0.075516
2025-06-16 09:00:00+00:00,0.051132000000000004
2025-06-16 10:00:00+00:00,0.0294
2025-06-16 11:00:00+00:00,0.02814
2025-06-16 12:00:00+00:00,0.025487999999999997
2025-06-16 13:00:00+00:00,0.03279599999999999
2025-06-16 14:00:00+00:00,0.039936000000000006
2025-06-16 15:00:00+00:00,0.077496
2025-06-16 16:00:00+00:00,0.107088
2025-06-16 17:00:00+00:00,0.144348
2025-06-16 18:00:00+00:00,0.22332
2025-06-16 19:00:00+00:00,0.227928
2025-06-16 20:00:00+00:00,0.151728
2025-06-16 21:00:00+00:00,0.11574000000000001
2025-06-16 22:00:00+00:00,0.124008
2025-06-16 23:00:00+00:00,0.11366399999999999
2025-06-17 00:00:00+00:00,0.11203199999999999
2025-06-17 01:00:00+00:00,0.11188799999999999
2025-06-17 02:00:00+00:00,0.11269199999999999
2025-06-17 03:00:00+00:00,0.122376
2025-06-17 04:00:00+00:00,0.14021999999999998
2025-06-17 05:00:00+00:00,0.12669599999999998
2025-06-17 06:00:00+00:00,0.11607600000000001
2025-06-17 07:00:00+00:00,0.079692
2025-06-17 08:00:00+00:00,0.006059999999999999
2025-06-17 09:00:00+00:00,-0.0006
2025-06-17 10:00:00+00:00,-0.0032400000000000003
2025-06-17 11:00:00+00:00,-0.0058920000000000005
2025-06-17 12:00:00+00:00,-0.0074399999999999996
2025-06-17 13:00:00+00:00,-0.002316
2025-06-17 14:00:00+00:00,0.010379999999999999
2025-06-17 15:00:00+00:00,0.09267600000000001
2025-06-17 16:00:00+00:00,0.129144
2025-06-17 17:00:00+00:00,0.16960799999999998
2025-06-17 18:00:00+00:00,0.282624
2025-06-17 19:00:00+00:00,0.277764
2025-06-17 20:00:00+00:00,0.162636
2025-06-17 21:00:00+00:00,0.13932
2025-06-17 22:00:00+00:00,0.135312
2025-06-17 23:00:00+00:00,0.127416
2025-06-18 00:00:00+00:00,0.121524
2025-06-18 01:00:00+00:00,0.113892
2025-06-18 02:00:00+00:00,0.11544
2025-06-18 03:00:00+00:00,0.122304
2025-06-18 04:00:00+00:00,0.13311599999999998
2025-06-18 05:00:00+00:00,0.137016
2025-06-18 06:00:00+00:00,0.132732
2025-06-18 07:00:00+00:00,0.09277200000000001
2025-06-18 08:00:00+00:00,0.026352
2025-06-18 09:00:00+00:00,0.001404
2025-06-18 10:00:00+00:00,0.00031200000000000005
2025-06-18 11:00:00+00:00,-9.6e-05
2025-06-18 12:00:00+00:00,-0.000792
2025-06-18 13:00:00+00:00,0.00033600000000000004
2025-06-18 14:00:00+00:00,-0.0006240000000000001
2025-06-18 15:00:00+00:00,0.08388
2025-06-18 16:00:00+00:00,0.122388
2025-06-18 17:00:00+00:00,0.122676
2025-06-18 18:00:00+00:00,0.14076
2025-06-18 19:00:00+00:00,0.20307599999999998
2025-06-18 20:00:00+00:00,0.159672
2025-06-18 21:00:00+00:00,0.137268
2025-06-18 22:00:00+00:00,0.136104
2025-06-18 23:00:00+00:00,0.12611999999999998
2025-06-19 00:00:00+00:00,0.12325199999999999
2025-06-19 01:00:00+00:00,0.120444
2025-06-19 02:00:00+00:00,0.116532
2025-06-19 03:00:00+00:00,0.11198399999999999
2025-06-19 04:00:00+00:00,0.116316
2025-06-19 05:00:00+00:00,0.10193999999999999
2025-06-19 06:00:00+00:00,0.08816399999999999
2025-06-19 07:00:00+00:00,-0.006
2025-06-19 08:00:00+00:00,-0.0027359999999999997
2025-06-19 09:00:00+00:00,-0.034248
2025-06-19 10:00:00+00:00,-0.06648
2025-06-19 11:00:00+00:00,-0.09601200000000001
2025-06-19 12:00:00+00:00,-0.09328799999999998
2025-06-19 13:00:00+00:00,-0.005928000000000001
2025-06-19 14:00:00+00:00,0.026964
2025-06-19 15:00:00+00:00,0.054936
2025-06-19 16:00:00+00:00,0.11878799999999999
2025-06-19 17:00:00+00:00,0.158376
2025-06-19 18:00:00+00:00,0.170652
2025-06-19 19:00:00+00:00,0.167052
2025-06-19 20:00:00+00:00,0.157548
2025-06-19 21:00:00+00:00,0.12459599999999998
2025-06-19 22:00:00+00:00,0.12231600000000001
2025-06-19 23:00:00+00:00,0.12356399999999998
2025-06-20 00:00:00+00:00,0.12349199999999999
2025-06-20 01:00:00+00:00,0.12546
2025-06-20 02:00:00+00:00,0.12489599999999998
2025-06-20 03:00:00+00:00,0.13084800000000002
2025-06-20 04:00:00+00:00,0.14360399999999998
2025-06-20 05:00:00+00:00,0.138744
2025-06-20 06:00:00+00:00,0.12109199999999999
2025-06-20 07:00:00+00:00,0.07944000000000001
2025-06-20 08:00:00+00:00,0.007764
2025-06-20 09:00:00+00:00,0.0005639999999999999
2025-06-20 10:00:00+00:00,-0.00444
2025-06-20 11:00:00+00:00,-0.0034559999999999994
2025-06-20 12:00:00+00:00,-0.000696
2025-06-20 13:00:00+00:00,0.007859999999999999
2025-06-20 14:00:00+00:00,0.035664
2025-06-20 15:00:00+00:00,0.10074
2025-06-20 16:00:00+00:00,0.12816
2025-06-20 17:00:00+00:00,0.16294799999999998
2025-06-20 18:00:00+00:00,0.23626799999999998
2025-06-20 19:00:00+00:00,0.21146399999999999
2025-06-20 20:00:00+00:00,0.16446
2025-06-20 21:00:00+00:00,0.145656
2025-06-20 22:00:00+00:00,0.141696
2025-06-20 23:00:00+00:00,0.132576
2025-06-21 00:00:00+00:00,0.12978
2025-06-21 01:00:00+00:00,0.128484
2025-06-21 02:00:00+00:00,0.13001999999999997
2025-06-21 03:00:00+00:00,0.124848
2025-06-21 04:00:00+00:00,0.120816
2025-06-21 05:00:00+00:00,0.108888
2025-06-21 06:00:00+00:00,0.09111600000000002
2025-06-21 07:00:00+00:00,0.028079999999999997
2025-06-21 08:00:00+00:00,-0.0020759999999999997
2025-06-21 09:00:00+00:00,-0.004128
2025-06-21 10:00:00+00:00,-0.030084
2025-06-21 11:00:00+00:00,-0.072204
2025-06-21 12:00:00+00:00,-0.056027999999999994
2025-06-21 13:00:00+00:00,0.0
2025-06-21 14:00:00+00:00,0.00017999999999999998
2025-06-21 15:00:00+00:00,0.071616
2025-06-21 16:00:00+00:00,0.116604
2025-06-21 17:00:00+00:00,0.15159599999999998
2025-06-21 18:00:00+00:00,0.18618
2025-06-21 19:00:00+00:00,0.19548000000000001
2025-06-21 20:00:00+00:00,0.168624
2025-06-21 21:00:00+00:00,0.13812
2025-06-21 22:00:00+00:00,0.130944
2025-06-21 23:00:00+00:00,0.121056
2025-06-22 00:00:00+00:00,0.115116
2025-06-22 01:00:00+00:00,0.11179199999999999
2025-06-22 02:00:00+00:00,0.10919999999999999
2025-06-22 03:00:00+00:00,0.10554
2025-06-22 04:00:00+00:00,0.087936
2025-06-22 05:00:00+00:00,0.031728
2025-06-22 06:00:00+00:00,0.0
2025-06-22 07:00:00+00:00,-0.00010799999999999998
2025-06-22 08:00:00+00:00,-0.013332
2025-06-22 09:00:00+00:00,-0.043896
2025-06-22 10:00:00+00:00,-0.076908
2025-06-22 11:00:00+00:00,-0.10501200000000001
2025-06-22 12:00:00+00:00,-0.086376
2025-06-22 13:00:00+00:00,-0.04205999999999999
2025-06-22 14:00:00+00:00,-0.006443999999999999
2025-06-22 15:00:00+00:00,0.008076
2025-06-22 16:00:00+00:00,0.10805999999999999
2025-06-22 17:00:00+00:00,0.132072
2025-06-22 18:00:00+00:00,0.159828
2025-06-22 19:00:00+00:00,0.161472
2025-06-22 20:00:00+00:00,0.15045599999999998
2025-06-22 21:00:00+00:00,0.121956
2025-06-22 22:00:00+00:00,0.096096
2025-06-22 23:00:00+00:00,0.07838399999999998
2025-06-23 00:00:00+00:00,0.07654799999999999
2025-06-23 01:00:00+00:00,0.07741200000000001
2025-06-23 02:00:00+00:00,0.087
2025-06-23 03:00:00+00:00,0.101904
2025-06-23 04:00:00+00:00,0.11818799999999999
2025-06-23 05:00:00+00:00,0.1152
2025-06-23 06:00:00+00:00,0.10028399999999998
2025-06-23 07:00:00+00:00,0.030143999999999997
2025-06-23 08:00:00+00:00,0.006588
2025-06-23 09:00:00+00:00,-8.400000000000001e-05
2025-06-23 10:00:00+00:00,-0.003516
2025-06-23 11:00:00+00:00,-0.018
2025-06-23 12:00:00+00:00,-0.029087999999999996
2025-06-23 13:00:00+00:00,-0.016692
2025-06-23 14:00:00+00:00,0.009432000000000001
2025-06-23 15:00:00+00:00,0.06250800000000001
2025-06-23 16:00:00+00:00,0.10909199999999998
2025-06-23 17:00:00+00:00,0.128568
2025-06-23 18:00:00+00:00,0.14402399999999999
2025-06-23 19:00:00+00:00,0.129792
2025-06-23 20:00:00+00:00,0.12475199999999999
2025-06-23 21:00:00+00:00,0.1152
2025-06-23 22:00:00+00:00,0.109116
2025-06-23 23:00:00+00:00,0.10572
2025-06-24 00:00:00+00:00,0.10031999999999999
2025-06-24 01:00:00+00:00,0.09534000000000001
2025-06-24 02:00:00+00:00,0.095316
2025-06-24 03:00:00+00:00,0.10010400000000001
2025-06-24 04:00:00+00:00,0.105792
2025-06-24 05:00:00+00:00,0.105624
2025-06-24 06:00:00+00:00,0.08406
2025-06-24 07:00:00+00:00,0.017304
2025-06-24 08:00:00+00:00,0.007884
2025-06-24 09:00:00+00:00,-0.0024
2025-06-24 10:00:00+00:00,-0.009647999999999999
2025-06-24 11:00:00+00:00,-0.016176
2025-06-24 12:00:00+00:00,-0.0040680000000000004
2025-06-24 13:00:00+00:00,1.2e-05
2025-06-24 14:00:00+00:00,0.018732
2025-06-24 15:00:00+00:00,0.062411999999999995
2025-06-24 16:00:00+00:00,0.11151600000000002
2025-06-24 17:00:00+00:00,0.12483599999999999
2025-06-24 18:00:00+00:00,0.144012
2025-06-24 19:00:00+00:00,0.12276
2025-06-24 20:00:00+00:00,0.12842399999999998
2025-06-24 21:00:00+00:00,0.12235199999999999
2025-06-24 22:00:00+00:00,0.10656
2025-06-24 23:00:00+00:00,0.101136
2025-06-25 00:00:00+00:00,0.090264
2025-06-25 01:00:00+00:00,0.09302399999999998
2025-06-25 02:00:00+00:00,0.092172
2025-06-25 03:00:00+00:00,0.105708
2025-06-25 04:00:00+00:00,0.124944
2025-06-25 05:00:00+00:00,0.134268
2025-06-25 06:00:00+00:00,0.11758799999999998
2025-06-25 07:00:00+00:00,0.08894400000000001
2025-06-25 08:00:00+00:00,0.0324
2025-06-25 09:00:00+00:00,0.019115999999999998
2025-06-25 10:00:00+00:00,0.018119999999999997
2025-06-25 11:00:00+00:00,0.013368
2025-06-25 12:00:00+00:00,0.024876000000000002
2025-06-25 13:00:00+00:00,0.033552
2025-06-25 14:00:00+00:00,0.064536
2025-06-25 15:00:00+00:00,0.10203599999999999
2025-06-25 16:00:00+00:00,0.1212
2025-06-25 17:00:00+00:00,0.14296799999999998
2025-06-25 18:00:00+00:00,0.22291199999999997
2025-06-25 19:00:00+00:00,0.276624
2025-06-25 20:00:00+00:00,0.20016
2025-06-25 21:00:00+00:00,0.144168
2025-06-25 22:00:00+00:00,0.14393999999999998
2025-06-25 23:00:00+00:00,0.12935999999999998
2025-06-26 00:00:00+00:00,0.123516
2025-06-26 01:00:00+00:00,0.118716
2025-06-26 02:00:00+00:00,0.1188
2025-06-26 03:00:00+00:00,0.12349199999999999
2025-06-26 04:00:00+00:00,0.143016
2025-06-26 05:00:00+00:00,0.145164
2025-06-26 06:00:00+00:00,0.128148
2025-06-26 07:00:00+00:00,0.11668799999999999
2025-06-26 08:00:00+00:00,0.10543199999999998
2025-06-26 09:00:00+00:00,0.09619199999999999
2025-06-26 10:00:00+00:00,0.08488799999999999
2025-06-26 11:00:00+00:00,0.07805999999999999
2025-06-26 12:00:00+00:00,0.075984
2025-06-26 13:00:00+00:00,0.09168000000000001
2025-06-26 14:00:00+00:00,0.11235599999999998
2025-06-26 15:00:00+00:00,0.11873999999999998
2025-06-26 16:00:00+00:00,0.12592799999999998
2025-06-26 17:00:00+00:00,0.15036
2025-06-26 18:00:00+00:00,0.1752
2025-06-26 19:00:00+00:00,0.166644
2025-06-26 20:00:00+00:00,0.12595199999999998
2025-06-26 21:00:00+00:00,0.11635199999999998
2025-06-26 22:00:00+00:00,0.11209199999999998
2025-06-26 23:00:00+00:00,0.09888
2025-06-27 00:00:00+00:00,0.098964
2025-06-27 01:00:00+00:00,0.10095599999999999
2025-06-27 02:00:00+00:00,0.103644
2025-06-27 03:00:00+00:00,0.105636
2025-06-27 04:00:00+00:00,0.123276
2025-06-27 05:00:00+00:00,0.13584000000000002
2025-06-27 06:00:00+00:00,0.12924
2025-06-27 07:00:00+00:00,0.10951200000000001
2025-06-27 08:00:00+00:00,0.095148
2025-06-27 09:00:00+00:00,0.08094
2025-06-27 10:00:00+00:00,0.065796
2025-06-27 11:00:00+00:00,0.062112
2025-06-27 12:00:00+00:00,0.055656000000000004
2025-06-27 13:00:00+00:00,0.08406
2025-06-27 14:00:00+00:00,0.102588
2025-06-27 15:00:00+00:00,0.116304
2025-06-27 16:00:00+00:00,0.12
2025-06-27 17:00:00+00:00,0.12074399999999999
2025-06-27 18:00:00+00:00,0.124692
2025-06-27 19:00:00+00:00,0.15484799999999999
2025-06-27 20:00:00+00:00,0.149664
2025-06-27 21:00:00+00:00,0.12595199999999998
2025-06-27 22:00:00+00:00,0.116304
2025-06-27 23:00:00+00:00,0.107976
2025-06-28 00:00:00+00:00,0.09918
2025-06-28 01:00:00+00:00,0.09417600000000001
2025-06-28 02:00:00+00:00,0.08533199999999999
2025-06-28 03:00:00+00:00,0.09211200000000001
2025-06-28 04:00:00+00:00,0.09092399999999999
2025-06-28 05:00:00+00:00,0.07105199999999999
2025-06-28 06:00:00+00:00,0.03336
2025-06-28 07:00:00+00:00,0.002808
2025-06-28 08:00:00+00:00,1.2e-05
2025-06-28 09:00:00+00:00,9.6e-05
2025-06-28 10:00:00+00:00,-0.0015480000000000001
2025-06-28 11:00:00+00:00,-0.0008399999999999999
2025-06-28 12:00:00+00:00,-0.005964
2025-06-28 13:00:00+00:00,0.0
2025-06-28 14:00:00+00:00,0.014724
2025-06-28 15:00:00+00:00,0.059724
2025-06-28 16:00:00+00:00,0.100596
2025-06-28 17:00:00+00:00,0.11873999999999998
2025-06-28 18:00:00+00:00,0.125988
2025-06-28 19:00:00+00:00,0.144084
2025-06-28 20:00:00+00:00,0.14334
2025-06-28 21:00:00+00:00,0.12419999999999999
2025-06-28 22:00:00+00:00,0.11408399999999998
2025-06-28 23:00:00+00:00,0.107304
2025-06-29 00:00:00+00:00,0.10759199999999998
2025-06-29 01:00:00+00:00,0.10418399999999998
2025-06-29 02:00:00+00:00,0.10224
2025-06-29 03:00:00+00:00,0.10235999999999999
2025-06-29 04:00:00+00:00,0.10360799999999999
2025-06-29 05:00:00+00:00,0.08932799999999999
2025-06-29 06:00:00+00:00,0.056831999999999994
2025-06-29 07:00:00+00:00,0.00132
2025-06-29 08:00:00+00:00,0.0
2025-06-29 09:00:00+00:00,-0.0005639999999999999
2025-06-29 10:00:00+00:00,-0.00522
2025-06-29 11:00:00+00:00,-0.016848
2025-06-29 12:00:00+00:00,-0.010752000000000001
2025-06-29 13:00:00+00:00,-0.0015480000000000001
2025-06-29 14:00:00+00:00,0.0
2025-06-29 15:00:00+00:00,0.03768
2025-06-29 16:00:00+00:00,0.10178399999999999
2025-06-29 17:00:00+00:00,0.12256799999999998
2025-06-29 18:00:00+00:00,0.134376
2025-06-29 19:00:00+00:00,0.14168399999999998
2025-06-29 20:00:00+00:00,0.136476
2025-06-29 21:00:00+00:00,0.1212
2025-06-29 22:00:00+00:00,0.118476
2025-06-29 23:00:00+00:00,0.106836
2025-06-30 00:00:00+00:00,0.10203599999999999
2025-06-30 01:00:00+00:00,0.10095599999999999
2025-06-30 02:00:00+00:00,0.10338
2025-06-30 03:00:00+00:00,0.115104
2025-06-30 04:00:00+00:00,0.135468
2025-06-30 05:00:00+00:00,0.134016
2025-06-30 06:00:00+00:00,0.12109199999999999
2025-06-30 07:00:00+00:00,0.11366399999999999
2025-06-30 08:00:00+00:00,0.08406
2025-06-30 09:00:00+00:00,0.010464
2025-06-30 10:00:00+00:00,0.0
2025-06-30 11:00:00+00:00,-0.015708
2025-06-30 12:00:00+00:00,-0.00014399999999999998
2025-06-30 13:00:00+00:00,0.08043600000000001
2025-06-30 14:00:00+00:00,0.08923199999999999
2025-06-30 15:00:00+00:00,0.11748
2025-06-30 16:00:00+00:00,0.127992
2025-06-30 17:00:00+00:00,0.21472799999999997
2025-06-30 18:00:00+00:00,0.328296
2025-06-30 19:00:00+00:00,0.271944
2025-06-30 20:00:00+00:00,0.18839999999999998
2025-06-30 21:00:00+00:00,0.14718
2025-06-30 22:00:00+00:00,0.133536
2025-06-30 23:00:00+00:00,0.114708
2025-07-01 00:00:00+00:00,0.10692
2025-07-01 01:00:00+00:00,0.10641600000000001
2025-07-01 02:00:00+00:00,0.10801200000000001
2025-07-01 03:00:00+00:00,0.11621999999999999
2025-07-01 04:00:00+00:00,0.137964
2025-07-01 05:00:00+00:00,0.143316
2025-07-01 06:00:00+00:00,0.12592799999999998
2025-07-01 07:00:00+00:00,0.12
2025-07-01 08:00:00+00:00,0.09011999999999999
2025-07-01 09:00:00+00:00,0.07811999999999998
2025-07-01 10:00:00+00:00,0.003672
2025-07-01 11:00:00+00:00,0.010391999999999998
2025-07-01 12:00:00+00:00,0.071196
2025-07-01 13:00:00+00:00,0.0939
2025-07-01 14:00:00+00:00,0.10895999999999999
2025-07-01 15:00:00+00:00,0.12595199999999998
2025-07-01 16:00:00+00:00,0.182304
2025-07-01 17:00:00+00:00,0.354204
2025-07-01 18:00:00+00:00,0.529332
2025-07-01 19:00:00+00:00,0.448812
2025-07-01 20:00:00+00:00,0.291504
2025-07-01 21:00:00+00:00,0.17360399999999998
2025-07-01 22:00:00+00:00,0.143148
2025-07-01 23:00:00+00:00,0.12329999999999999
2025-07-02 00:00:00+00:00,0.11104800000000001
2025-07-02 01:00:00+00:00,0.110496
2025-07-02 02:00:00+00:00,0.108468
2025-07-02 03:00:00+00:00,0.11899199999999999
2025-07-02 04:00:00+00:00,0.136656
2025-07-02 05:00:00+00:00,0.13182
2025-07-02 06:00:00+00:00,0.125424
2025-07-02 07:00:00+00:00,0.10676399999999998
2025-07-02 08:00:00+00:00,0.08892
2025-07-02 09:00:00+00:00,0.074436
2025-07-02 10:00:00+00:00,0.040908
2025-07-02 11:00:00+00:00,0.026904
2025-07-02 12:00:00+00:00,0.06250800000000001
2025-07-02 13:00:00+00:00,0.08621999999999999
2025-07-02 14:00:00+00:00,0.106836
2025-07-02 15:00:00+00:00,0.123528
2025-07-02 16:00:00+00:00,0.136788
2025-07-02 17:00:00+00:00,0.22373999999999997
2025-07-02 18:00:00+00:00,0.19340399999999996
2025-07-02 19:00:00+00:00,0.1947
2025-07-02 20:00:00+00:00,0.157848
2025-07-02 21:00:00+00:00,0.127188
2025-07-02 22:00:00+00:00,0.109332
2025-07-02 23:00:00+00:00,0.10685999999999998
2025-07-03 00:00:00+00:00,0.0948
2025-07-03 01:00:00+00:00,0.094716
2025-07-03 02:00:00+00:00,0.09705599999999999
2025-07-03 03:00:00+00:00,0.10791600000000001
2025-07-03 04:00:00+00:00,0.12415199999999998
2025-07-03 05:00:00+00:00,0.128112
2025-07-03 06:00:00+00:00,0.12588
2025-07-03 07:00:00+00:00,0.10854
2025-07-03 08:00:00+00:00,0.090072
2025-07-03 09:00:00+00:00,0.06881999999999999
2025-07-03 10:00:00+00:00,0.05059199999999999
2025-07-03 11:00:00+00:00,0.04699199999999999
2025-07-03 12:00:00+00:00,0.07015199999999999
2025-07-03 13:00:00+00:00,0.09587999999999999
2025-07-03 14:00:00+00:00,0.106872
2025-07-03 15:00:00+00:00,0.12316799999999999
2025-07-03 16:00:00+00:00,0.127116
2025-07-03 17:00:00+00:00,0.137448
2025-07-03 18:00:00+00:00,0.18768
2025-07-03 19:00:00+00:00,0.191628
2025-07-03 20:00:00+00:00,0.15491999999999997
2025-07-03 21:00:00+00:00,0.135288
2025-07-03 22:00:00+00:00,0.12761999999999998
2025-07-03 23:00:00+00:00,0.12357599999999999
2025-07-04 00:00:00+00:00,0.118416
2025-07-04 01:00:00+00:00,0.11680800000000001
2025-07-04 02:00:00+00:00,0.122064
2025-07-04 03:00:00+00:00,0.124788
2025-07-04 04:00:00+00:00,0.14286
2025-07-04 05:00:00+00:00,0.13885199999999998
2025-07-04 06:00:00+00:00,0.12
2025-07-04 07:00:00+00:00,0.10938
2025-07-04 08:00:00+00:00,0.084012
2025-07-04 09:00:00+00:00,0.088824
2025-07-04 10:00:00+00:00,0.08771999999999999
2025-07-04 11:00:00+00:00,0.06412799999999999
2025-07-04 12:00:00+00:00,0.067752
2025-07-04 13:00:00+00:00,0.08094
2025-07-04 14:00:00+00:00,0.07926
2025-07-04 15:00:00+00:00,0.09765599999999999
2025-07-04 16:00:00+00:00,0.121812
2025-07-04 17:00:00+00:00,0.14402399999999999
2025-07-04 18:00:00+00:00,0.18
2025-07-04 19:00:00+00:00,0.17989199999999997
2025-07-04 20:00:00+00:00,0.153828
2025-07-04 21:00:00+00:00,0.127152
2025-07-04 22:00:00+00:00,0.12341999999999999
2025-07-04 23:00:00+00:00,0.115464
2025-07-05 00:00:00+00:00,0.11381999999999998
2025-07-05 01:00:00+00:00,0.109476
2025-07-05 02:00:00+00:00,0.10822799999999999
2025-07-05 03:00:00+00:00,0.10688399999999999
2025-07-05 04:00:00+00:00,0.09769199999999999
2025-07-05 05:00:00+00:00,0.055788000000000004
2025-07-05 06:00:00+00:00,0.021432
2025-07-05 07:00:00+00:00,0.004007999999999999
2025-07-05 08:00:00+00:00,0.0
2025-07-05 09:00:00+00:00,-0.00016800000000000002
2025-07-05 10:00:00+00:00,-0.0024720000000000002
2025-07-05 11:00:00+00:00,-0.007824
2025-07-05 12:00:00+00:00,-0.0037079999999999995
2025-07-05 13:00:00+00:00,0.011015999999999998
2025-07-05 14:00:00+00:00,0.007332
2025-07-05 15:00:00+00:00,0.09001200000000001
2025-07-05 16:00:00+00:00,0.10689599999999999
2025-07-05 17:00:00+00:00,0.125916
2025-07-05 18:00:00+00:00,0.127212
2025-07-05 19:00:00+00:00,0.134484
2025-07-05 20:00:00+00:00,0.13985999999999998
2025-07-05 21:00:00+00:00,0.12260399999999999
2025-07-05 22:00:00+00:00,0.11768399999999998
2025-07-05 23:00:00+00:00,0.11079599999999999
2025-07-06 00:00:00+00:00,0.115404
2025-07-06 01:00:00+00:00,0.107652
2025-07-06 02:00:00+00:00,0.10627199999999999
2025-07-06 03:00:00+00:00,0.106908
2025-07-06 04:00:00+00:00,0.09010800000000001
2025-07-06 05:00:00+00:00,0.08888399999999999
2025-07-06 06:00:00+00:00,0.080424
2025-07-06 07:00:00+00:00,0.040452
2025-07-06 08:00:00+00:00,0.023412000000000002
2025-07-06 09:00:00+00:00,0.017807999999999997
2025-07-06 10:00:00+00:00,0.015012
2025-07-06 11:00:00+00:00,0.00972
2025-07-06 12:00:00+00:00,0.012443999999999998
2025-07-06 13:00:00+00:00,0.059424
2025-07-06 14:00:00+00:00,0.09589199999999999
2025-07-06 15:00:00+00:00,0.12349199999999999
2025-07-06 16:00:00+00:00,0.125904
2025-07-06 17:00:00+00:00,0.128316
2025-07-06 18:00:00+00:00,0.149868
2025-07-06 19:00:00+00:00,0.14924400000000002
2025-07-06 20:00:00+00:00,0.138168
2025-07-06 21:00:00+00:00,0.12592799999999998
2025-07-06 22:00:00+00:00,0.1392
2025-07-06 23:00:00+00:00,0.12457199999999999
2025-07-07 00:00:00+00:00,0.120636
2025-07-07 01:00:00+00:00,0.116232
2025-07-07 02:00:00+00:00,0.118644
2025-07-07 03:00:00+00:00,0.12986399999999998
2025-07-07 04:00:00+00:00,0.15388800000000002
2025-07-07 05:00:00+00:00,0.16433999999999999
2025-07-07 06:00:00+00:00,0.17052
2025-07-07 07:00:00+00:00,0.15354
2025-07-07 08:00:00+00:00,0.133248
2025-07-07 09:00:00+00:00,0.124644
2025-07-07 10:00:00+00:00,0.105744
2025-07-07 11:00:00+00:00,0.1104
2025-07-07 12:00:00+00:00,0.101328
2025-07-07 13:00:00+00:00,0.11051999999999998
2025-07-07 14:00:00+00:00,0.11758799999999998
2025-07-07 15:00:00+00:00,0.12588
2025-07-07 16:00:00+00:00,0.125892
2025-07-07 17:00:00+00:00,0.155184
2025-07-07 18:00:00+00:00,0.164388
2025-07-07 19:00:00+00:00,0.14876399999999998
2025-07-07 20:00:00+00:00,0.125916
2025-07-07 21:00:00+00:00,0.11111999999999998
2025-07-07 22:00:00+00:00,0.1212
2025-07-07 23:00:00+00:00,0.108636
2025-07-08 00:00:00+00:00,0.10345199999999999
2025-07-08 01:00:00+00:00,0.10121999999999999
2025-07-08 02:00:00+00:00,0.101724
2025-07-08 03:00:00+00:00,0.10614
2025-07-08 04:00:00+00:00,0.126
2025-07-08 05:00:00+00:00,0.13985999999999998
2025-07-08 06:00:00+00:00,0.13381200000000001
2025-07-08 07:00:00+00:00,0.101748
2025-07-08 08:00:00+00:00,0.103212
2025-07-08 09:00:00+00:00,0.103308
2025-07-08 10:00:00+00:00,0.103296
2025-07-08 11:00:00+00:00,0.091812
2025-07-08 12:00:00+00:00,0.08453999999999999
2025-07-08 13:00:00+00:00,0.092376
2025-07-08 14:00:00+00:00,0.098448
2025-07-08 15:00:00+00:00,0.09827999999999999
2025-07-08 16:00:00+00:00,0.11074800000000001
2025-07-08 17:00:00+00:00,0.12592799999999998
2025-07-08 18:00:00+00:00,0.13308
2025-07-08 19:00:00+00:00,0.141564
2025-07-08 20:00:00+00:00,0.135108
2025-07-08 21:00:00+00:00,0.119532
2025-07-08 22:00:00+00:00,0.11383199999999999
2025-07-08 23:00:00+00:00,0.098892
2025-07-09 00:00:00+00:00,0.094896
2025-07-09 01:00:00+00:00,0.09448799999999999
2025-07-09 02:00:00+00:00,0.09424800000000001
2025-07-09 03:00:00+00:00,0.11051999999999998
2025-07-09 04:00:00+00:00,0.128124
2025-07-09 05:00:00+00:00,0.13434000000000001
2025-07-09 06:00:00+00:00,0.13189199999999998
2025-07-09 07:00:00+00:00,0.11174400000000001
2025-07-09 08:00:00+00:00,0.09371999999999998
2025-07-09 09:00:00+00:00,0.08288399999999999
2025-07-09 10:00:00+00:00,0.070896
2025-07-09 11:00:00+00:00,0.052067999999999996
2025-07-09 12:00:00+00:00,0.040752000000000003
2025-07-09 13:00:00+00:00,0.06287999999999999
2025-07-09 14:00:00+00:00,0.080412
2025-07-09 15:00:00+00:00,0.09362399999999999
2025-07-09 16:00:00+00:00,0.11535599999999999
2025-07-09 17:00:00+00:00,0.13824
2025-07-09 18:00:00+00:00,0.155316
2025-07-09 19:00:00+00:00,0.15471600000000002
2025-07-09 20:00:00+00:00,0.134208
2025-07-09 21:00:00+00:00,0.12459599999999998
2025-07-09 22:00:00+00:00,0.12109199999999999
2025-07-09 23:00:00+00:00,0.114876
2025-07-10 00:00:00+00:00,0.10692
2025-07-10 01:00:00+00:00,0.103296
2025-07-10 02:00:00+00:00,0.10488
2025-07-10 03:00:00+00:00,0.1179
2025-07-10 04:00:00+00:00,0.126876
2025-07-10 05:00:00+00:00,0.12642
2025-07-10 06:00:00+00:00,0.12110399999999999
2025-07-10 07:00:00+00:00,0.104472
2025-07-10 08:00:00+00:00,0.09117600000000001
2025-07-10 09:00:00+00:00,0.07368
2025-07-10 10:00:00+00:00,0.053988
2025-07-10 11:00:00+00:00,0.04634399999999999
2025-07-10 12:00:00+00:00,0.046391999999999996
2025-07-10 13:00:00+00:00,0.066912
2025-07-10 14:00:00+00:00,0.09128399999999999
2025-07-10 15:00:00+00:00,0.10164
2025-07-10 16:00:00+00:00,0.115548
2025-07-10 17:00:00+00:00,0.13544399999999998
2025-07-10 18:00:00+00:00,0.158772
2025-07-10 19:00:00+00:00,0.156336
2025-07-10 20:00:00+00:00,0.144
2025-07-10 21:00:00+00:00,0.128124
2025-07-10 22:00:00+00:00,0.122292
2025-07-10 23:00:00+00:00,0.115548
2025-07-11 00:00:00+00:00,0.10908000000000001
2025-07-11 01:00:00+00:00,0.104616
2025-07-11 02:00:00+00:00,0.10546799999999999
2025-07-11 03:00:00+00:00,0.11443199999999999
2025-07-11 04:00:00+00:00,0.123528
2025-07-11 05:00:00+00:00,0.12358799999999999
2025-07-11 06:00:00+00:00,0.12235199999999999
2025-07-11 07:00:00+00:00,0.107076
2025-07-11 08:00:00+00:00,0.093972
2025-07-11 09:00:00+00:00,0.080424
2025-07-11 10:00:00+00:00,0.07079999999999999
2025-07-11 11:00:00+00:00,0.047352
2025-07-11 12:00:00+00:00,0.038447999999999996
2025-07-11 13:00:00+00:00,0.06
2025-07-11 14:00:00+00:00,0.06626399999999999
2025-07-11 15:00:00+00:00,0.10453199999999999
2025-07-11 16:00:00+00:00,0.11698799999999998
2025-07-11 17:00:00+00:00,0.122844
2025-07-11 18:00:00+00:00,0.132072
2025-07-11 19:00:00+00:00,0.13314
2025-07-11 20:00:00+00:00,0.133104
2025-07-11 21:00:00+00:00,0.118704
2025-07-11 22:00:00+00:00,0.13358399999999998
2025-07-11 23:00:00+00:00,0.123948
2025-07-12 00:00:00+00:00,0.12207599999999999
2025-07-12 01:00:00+00:00,0.11372399999999999
2025-07-12 02:00:00+00:00,0.10859999999999999
2025-07-12 03:00:00+00:00,0.10566
2025-07-12 04:00:00+00:00,0.100128
2025-07-12 05:00:00+00:00,0.103224
2025-07-12 06:00:00+00:00,0.0972
2025-07-12 07:00:00+00:00,0.07167599999999999
2025-07-12 08:00:00+00:00,0.021828
2025-07-12 09:00:00+00:00,0.0036
2025-07-12 10:00:00+00:00,0.000264
2025-07-12 11:00:00+00:00,0.0
2025-07-12 12:00:00+00:00,0.0
2025-07-12 13:00:00+00:00,0.000264
2025-07-12 14:00:00+00:00,0.026628000000000002
2025-07-12 15:00:00+00:00,0.090168
2025-07-12 16:00:00+00:00,0.121548
2025-07-12 17:00:00+00:00,0.129156
2025-07-12 18:00:00+00:00,0.139032
2025-07-12 19:00:00+00:00,0.146244
2025-07-12 20:00:00+00:00,0.148836
2025-07-12 21:00:00+00:00,0.135492
2025-07-12 22:00:00+00:00,0.13552799999999998
2025-07-12 23:00:00+00:00,0.12770399999999998
2025-07-13 00:00:00+00:00,0.125136
2025-07-13 01:00:00+00:00,0.12246
2025-07-13 02:00:00+00:00,0.11873999999999998
2025-07-13 03:00:00+00:00,0.114504
2025-07-13 04:00:00+00:00,0.10865999999999999
2025-07-13 05:00:00+00:00,0.105888
2025-07-13 06:00:00+00:00,0.084024
2025-07-13 07:00:00+00:00,0.021828
2025-07-13 08:00:00+00:00,0.005136
2025-07-13 09:00:00+00:00,6e-05
2025-07-13 10:00:00+00:00,0.0
2025-07-13 11:00:00+00:00,0.0
2025-07-13 12:00:00+00:00,0.0
2025-07-13 13:00:00+00:00,0.0
2025-07-13 14:00:00+00:00,0.002664
2025-07-13 15:00:00+00:00,0.07808399999999999
2025-07-13 16:00:00+00:00,0.110472
2025-07-13 17:00:00+00:00,0.132924
2025-07-13 18:00:00+00:00,0.139872
2025-07-13 19:00:00+00:00,0.152004
2025-07-13 20:00:00+00:00,0.152328
2025-07-13 21:00:00+00:00,0.137988
2025-07-13 22:00:00+00:00,0.134784
2025-07-13 23:00:00+00:00,0.120612
2025-07-14 00:00:00+00:00,0.11281200000000001
2025-07-14 01:00:00+00:00,0.10782
2025-07-14 02:00:00+00:00,0.11042399999999998
2025-07-14 03:00:00+00:00,0.12416399999999998
2025-07-14 04:00:00+00:00,0.135564
2025-07-14 05:00:00+00:00,0.136404
2025-07-14 06:00:00+00:00,0.11965199999999998
2025-07-14 07:00:00+00:00,0.10031999999999999
2025-07-14 08:00:00+00:00,0.09082799999999999
2025-07-14 09:00:00+00:00,0.08887199999999999
2025-07-14 10:00:00+00:00,0.088044
2025-07-14 11:00:00+00:00,0.07946399999999999
2025-07-14 12:00:00+00:00,0.071112
2025-07-14 13:00:00+00:00,0.09595199999999998
2025-07-14 14:00:00+00:00,0.10202399999999999
2025-07-14 15:00:00+00:00,0.13201200000000002
2025-07-14 16:00:00+00:00,0.12295199999999999
2025-07-14 17:00:00+00:00,0.159552
2025-07-14 18:00:00+00:00,0.159492
2025-07-14 19:00:00+00:00,0.16488
2025-07-14 20:00:00+00:00,0.15138000000000001
2025-07-14 21:00:00+00:00,0.135516
2025-07-14 22:00:00+00:00,0.124884
2025-07-14 23:00:00+00:00,0.117228
2025-07-15 00:00:00+00:00,0.107568
2025-07-15 01:00:00+00:00,0.10210799999999999
2025-07-15 02:00:00+00:00,0.100332
2025-07-15 03:00:00+00:00,0.10917600000000001
2025-07-15 04:00:00+00:00,0.128412
2025-07-15 05:00:00+00:00,0.134256
2025-07-15 06:00:00+00:00,0.127128
2025-07-15 07:00:00+00:00,0.10634400000000001
2025-07-15 08:00:00+00:00,0.08619600000000001
2025-07-15 09:00:00+00:00,0.074508
2025-07-15 10:00:00+00:00,0.074724
2025-07-15 11:00:00+00:00,0.060264
2025-07-15 12:00:00+00:00,0.07556399999999999
2025-07-15 13:00:00+00:00,0.10255199999999999
2025-07-15 14:00:00+00:00,0.11042399999999998
2025-07-15 15:00:00+00:00,0.13548
2025-07-15 16:00:00+00:00,0.13555199999999998
2025-07-15 17:00:00+00:00,0.13777199999999998
2025-07-15 18:00:00+00:00,0.148644
2025-07-15 19:00:00+00:00,0.152064
2025-07-15 20:00:00+00:00,0.14030399999999998
2025-07-15 21:00:00+00:00,0.12846
2025-07-15 22:00:00+00:00,0.114612
2025-07-15 23:00:00+00:00,0.107448
2025-07-16 00:00:00+00:00,0.099132
2025-07-16 01:00:00+00:00,0.09488399999999998
2025-07-16 02:00:00+00:00,0.095232
2025-07-16 03:00:00+00:00,0.101592
2025-07-16 04:00:00+00:00,0.12383999999999999
2025-07-16 05:00:00+00:00,0.132
2025-07-16 06:00:00+00:00,0.13125599999999998
2025-07-16 07:00:00+00:00,0.119544
2025-07-16 08:00:00+00:00,0.10202399999999999
2025-07-16 09:00:00+00:00,0.098448
2025-07-16 10:00:00+00:00,0.098904
2025-07-16 11:00:00+00:00,0.101112
2025-07-16 12:00:00+00:00,0.107988
2025-07-16 13:00:00+00:00,0.107988
2025-07-16 14:00:00+00:00,0.10789199999999999
2025-07-16 15:00:00+00:00,0.10924800000000001
2025-07-16 16:00:00+00:00,0.12209999999999999
2025-07-16 17:00:00+00:00,0.13202399999999997
2025-07-16 18:00:00+00:00,0.15590399999999996
2025-07-16 19:00:00+00:00,0.15142799999999998
2025-07-16 20:00:00+00:00,0.14391600000000002
2025-07-16 21:00:00+00:00,0.127404
2025-07-16 22:00:00+00:00,0.121872
2025-07-16 23:00:00+00:00,0.11975999999999999
2025-07-17 00:00:00+00:00,0.10965599999999999
2025-07-17 01:00:00+00:00,0.106116
2025-07-17 02:00:00+00:00,0.10688399999999999
2025-07-17 03:00:00+00:00,0.11167200000000001
2025-07-17 04:00:00+00:00,0.11946
2025-07-17 05:00:00+00:00,0.127056
2025-07-17 06:00:00+00:00,0.127104
2025-07-17 07:00:00+00:00,0.11171999999999999
2025-07-17 08:00:00+00:00,0.10200000000000001
2025-07-17 09:00:00+00:00,0.092484
2025-07-17 10:00:00+00:00,0.08420399999999999
2025-07-17 11:00:00+00:00,0.07329599999999999
2025-07-17 12:00:00+00:00,0.064524
2025-07-17 13:00:00+00:00,0.081492
2025-07-17 14:00:00+00:00,0.086508
2025-07-17 15:00:00+00:00,0.09745199999999998
2025-07-17 16:00:00+00:00,0.129708
2025-07-17 17:00:00+00:00,0.145728
2025-07-17 18:00:00+00:00,0.15844799999999998
2025-07-17 19:00:00+00:00,0.15970800000000002
2025-07-17 20:00:00+00:00,0.15008399999999997
2025-07-17 21:00:00+00:00,0.137016
2025-07-17 22:00:00+00:00,0.128376
2025-07-17 23:00:00+00:00,0.118632
2025-07-18 00:00:00+00:00,0.114732
2025-07-18 01:00:00+00:00,0.11381999999999998
2025-07-18 02:00:00+00:00,0.11516399999999999
2025-07-18 03:00:00+00:00,0.12611999999999998
2025-07-18 04:00:00+00:00,0.136788
2025-07-18 05:00:00+00:00,0.137496
2025-07-18 06:00:00+00:00,0.131268
2025-07-18 07:00:00+00:00,0.116172
2025-07-18 08:00:00+00:00,0.100896
2025-07-18 09:00:00+00:00,0.09837599999999999
2025-07-18 10:00:00+00:00,0.096
2025-07-18 11:00:00+00:00,0.087624
2025-07-18 12:00:00+00:00,0.08544
2025-07-18 13:00:00+00:00,0.087216
2025-07-18 14:00:00+00:00,0.096048
2025-07-18 15:00:00+00:00,0.100896
2025-07-18 16:00:00+00:00,0.10938
2025-07-18 17:00:00+00:00,0.133308
2025-07-18 18:00:00+00:00,0.16656
2025-07-18 19:00:00+00:00,0.16740000000000002
2025-07-18 20:00:00+00:00,0.14709599999999998
2025-07-18 21:00:00+00:00,0.127128
2025-07-18 22:00:00+00:00,0.126492
2025-07-18 23:00:00+00:00,0.124344
2025-07-19 00:00:00+00:00,0.11694
2025-07-19 01:00:00+00:00,0.107904
2025-07-19 02:00:00+00:00,0.100896
2025-07-19 03:00:00+00:00,0.100812
2025-07-19 04:00:00+00:00,0.11051999999999998
2025-07-19 05:00:00+00:00,0.09955199999999999
2025-07-19 06:00:00+00:00,0.09148799999999999
2025-07-19 07:00:00+00:00,0.060936
2025-07-19 08:00:00+00:00,0.012
2025-07-19 09:00:00+00:00,0.00078
2025-07-19 10:00:00+00:00,0.0
2025-07-19 11:00:00+00:00,-1.2e-05
2025-07-19 12:00:00+00:00,0.0
2025-07-19 13:00:00+00:00,0.004908
2025-07-19 14:00:00+00:00,0.047316
2025-07-19 15:00:00+00:00,0.09507600000000001
2025-07-19 16:00:00+00:00,0.11666399999999999
2025-07-19 17:00:00+00:00,0.127164
2025-07-19 18:00:00+00:00,0.127176
2025-07-19 19:00:00+00:00,0.126336
2025-07-19 20:00:00+00:00,0.118044
2025-07-19 21:00:00+00:00,0.103668
2025-07-19 22:00:00+00:00,0.100968
2025-07-19 23:00:00+00:00,0.100812
2025-07-20 00:00:00+00:00,0.09579599999999999
2025-07-20 01:00:00+00:00,0.111072
2025-07-20 02:00:00+00:00,0.11475599999999998
2025-07-20 03:00:00+00:00,0.102732
2025-07-20 04:00:00+00:00,0.106212
2025-07-20 05:00:00+00:00,0.087324
2025-07-20 06:00:00+00:00,0.082896
2025-07-20 07:00:00+00:00,0.043475999999999994
2025-07-20 08:00:00+00:00,0.009708
2025-07-20 09:00:00+00:00,0.00228
2025-07-20 10:00:00+00:00,0.0
2025-07-20 11:00:00+00:00,-1.2e-05
2025-07-20 12:00:00+00:00,0.0
2025-07-20 13:00:00+00:00,0.009588000000000001
2025-07-20 14:00:00+00:00,0.08523599999999999
2025-07-20 15:00:00+00:00,0.11449199999999998
2025-07-20 16:00:00+00:00,0.12008399999999998
2025-07-20 17:00:00+00:00,0.127152
2025-07-20 18:00:00+00:00,0.12951600000000002
2025-07-20 19:00:00+00:00,0.12728399999999998
2025-07-20 20:00:00+00:00,0.127152
2025-07-20 21:00:00+00:00,0.12349199999999999
2025-07-20 22:00:00+00:00,0.09967200000000001
2025-07-20 23:00:00+00:00,0.09961199999999999
2025-07-21 00:00:00+00:00,0.094836
2025-07-21 01:00:00+00:00,0.094092
2025-07-21 02:00:00+00:00,0.091308
2025-07-21 03:00:00+00:00,0.09942
2025-07-21 04:00:00+00:00,0.127164
2025-07-21 05:00:00+00:00,0.13317600000000002
2025-07-21 06:00:00+00:00,0.129144
2025-07-21 07:00:00+00:00,0.11383199999999999
2025-07-21 08:00:00+00:00,0.09726
2025-07-21 09:00:00+00:00,0.097308
2025-07-21 10:00:00+00:00,0.09969599999999999
2025-07-21 11:00:00+00:00,0.10387199999999999
2025-07-21 12:00:00+00:00,0.091572
2025-07-21 13:00:00+00:00,0.09318000000000001
2025-07-21 14:00:00+00:00,0.08763599999999999
2025-07-21 15:00:00+00:00,0.101712
2025-07-21 16:00:00+00:00,0.11019599999999999
2025-07-21 17:00:00+00:00,0.120708
2025-07-21 18:00:00+00:00,0.126108
2025-07-21 19:00:00+00:00,0.125892
2025-07-21 20:00:00+00:00,0.11024400000000001
2025-07-21 21:00:00+00:00,0.10795199999999999
2025-07-21 22:00:00+00:00,0.10168799999999999
2025-07-21 23:00:00+00:00,0.095376
2025-07-22 00:00:00+00:00,0.09349199999999999
2025-07-22 01:00:00+00:00,0.091308
2025-07-22 02:00:00+00:00,0.098916
2025-07-22 03:00:00+00:00,0.11092799999999998
2025-07-22 04:00:00+00:00,0.123204
2025-07-22 05:00:00+00:00,0.12228
2025-07-22 06:00:00+00:00,0.11556
2025-07-22 07:00:00+00:00,0.106908
2025-07-22 08:00:00+00:00,0.10168799999999999
2025-07-22 09:00:00+00:00,0.085992
2025-07-22 10:00:00+00:00,0.060348
2025-07-22 11:00:00+00:00,0.0028799999999999997
2025-07-22 12:00:00+00:00,0.0016799999999999999
2025-07-22 13:00:00+00:00,0.020279999999999996
2025-07-22 14:00:00+00:00,0.085224
2025-07-22 15:00:00+00:00,0.103476
2025-07-22 16:00:00+00:00,0.11482799999999999
2025-07-22 17:00:00+00:00,0.12595199999999998
2025-07-22 18:00:00+00:00,0.132108
2025-07-22 19:00:00+00:00,0.132732
2025-07-22 20:00:00+00:00,0.13005599999999998
2025-07-22 21:00:00+00:00,0.12231600000000001
2025-07-22 22:00:00+00:00,0.120708
2025-07-22 23:00:00+00:00,0.108312
2025-07-23 00:00:00+00:00,0.11169599999999999
2025-07-23 01:00:00+00:00,0.103428
2025-07-23 02:00:00+00:00,0.11169599999999999
2025-07-23 03:00:00+00:00,0.119196
2025-07-23 04:00:00+00:00,0.12011999999999999
2025-07-23 05:00:00+00:00,0.119748
2025-07-23 06:00:00+00:00,0.1158
2025-07-23 07:00:00+00:00,0.10038
2025-07-23 08:00:00+00:00,0.083976
2025-07-23 09:00:00+00:00,0.071352
2025-07-23 10:00:00+00:00,0.07584
2025-07-23 11:00:00+00:00,0.0834
2025-07-23 12:00:00+00:00,0.08771999999999999
2025-07-23 13:00:00+00:00,0.097236
2025-07-23 14:00:00+00:00,0.099636
2025-07-23 15:00:00+00:00,0.10886399999999999
2025-07-23 16:00:00+00:00,0.112164
2025-07-23 17:00:00+00:00,0.12588
2025-07-23 18:00:00+00:00,0.128316
2025-07-23 19:00:00+00:00,0.133128
2025-07-23 20:00:00+00:00,0.13105199999999997
2025-07-23 21:00:00+00:00,0.12594
2025-07-23 22:00:00+00:00,0.12594
2025-07-23 23:00:00+00:00,0.122364
2025-07-24 00:00:00+00:00,0.11435999999999999
2025-07-24 01:00:00+00:00,0.108156
2025-07-24 02:00:00+00:00,0.11079599999999999
2025-07-24 03:00:00+00:00,0.122376
2025-07-24 04:00:00+00:00,0.129132
2025-07-24 05:00:00+00:00,0.13311599999999998
2025-07-24 06:00:00+00:00,0.128316
2025-07-24 07:00:00+00:00,0.115944
2025-07-24 08:00:00+00:00,0.10864800000000001
2025-07-24 09:00:00+00:00,0.10293599999999999
2025-07-24 10:00:00+00:00,0.099828
2025-07-24 11:00:00+00:00,0.09967200000000001
2025-07-24 12:00:00+00:00,0.09502799999999999
2025-07-24 13:00:00+00:00,0.112368
2025-07-24 14:00:00+00:00,0.120132
2025-07-24 15:00:00+00:00,0.12836399999999998
2025-07-24 16:00:00+00:00,0.125988
2025-07-24 17:00:00+00:00,0.13252799999999998
2025-07-24 18:00:00+00:00,0.137976
2025-07-24 19:00:00+00:00,0.142536
2025-07-24 20:00:00+00:00,0.1368
2025-07-24 21:00:00+00:00,0.128976
2025-07-24 22:00:00+00:00,0.125916
2025-07-24 23:00:00+00:00,0.12114
2025-07-25 00:00:00+00:00,0.11205599999999999
2025-07-25 01:00:00+00:00,0.107712
2025-07-25 02:00:00+00:00,0.115296
2025-07-25 03:00:00+00:00,0.108024
2025-07-25 04:00:00+00:00,0.128352
2025-07-25 05:00:00+00:00,0.13195199999999999
2025-07-25 06:00:00+00:00,0.13188
2025-07-25 07:00:00+00:00,0.11711999999999999
2025-07-25 08:00:00+00:00,0.11259599999999999
2025-07-25 09:00:00+00:00,0.09968399999999998
2025-07-25 10:00:00+00:00,0.09745199999999998
2025-07-25 11:00:00+00:00,0.093204
2025-07-25 12:00:00+00:00,0.09126
2025-07-25 13:00:00+00:00,0.09578399999999998
2025-07-25 14:00:00+00:00,0.097308
2025-07-25 15:00:00+00:00,0.11575199999999998
2025-07-25 16:00:00+00:00,0.12235199999999999
2025-07-25 17:00:00+00:00,0.128328
2025-07-25 18:00:00+00:00,0.131904
2025-07-25 19:00:00+00:00,0.126
2025-07-25 20:00:00+00:00,0.127272
2025-07-25 21:00:00+00:00,0.121116
2025-07-25 22:00:00+00:00,0.12431999999999999
2025-07-25 23:00:00+00:00,0.12037199999999999
2025-07-26 00:00:00+00:00,0.11451599999999999
2025-07-26 01:00:00+00:00,0.11375999999999999
2025-07-26 02:00:00+00:00,0.11449199999999998
2025-07-26 03:00:00+00:00,0.11344800000000001
2025-07-26 04:00:00+00:00,0.113376
2025-07-26 05:00:00+00:00,0.1113
2025-07-26 06:00:00+00:00,0.10812
2025-07-26 07:00:00+00:00,0.107088
2025-07-26 08:00:00+00:00,0.10026
2025-07-26 09:00:00+00:00,0.09429599999999999
2025-07-26 10:00:00+00:00,0.082896
2025-07-26 11:00:00+00:00,0.08162399999999999
2025-07-26 12:00:00+00:00,0.07818
2025-07-26 13:00:00+00:00,0.09362399999999999
2025-07-26 14:00:00+00:00,0.09962399999999999
2025-07-26 15:00:00+00:00,0.10276799999999998
2025-07-26 16:00:00+00:00,0.122112
2025-07-26 17:00:00+00:00,0.118836
2025-07-26 18:00:00+00:00,0.128808
2025-07-26 19:00:00+00:00,0.13398
2025-07-26 20:00:00+00:00,0.13434000000000001
2025-07-26 21:00:00+00:00,0.125964
2025-07-26 22:00:00+00:00,0.117636
2025-07-26 23:00:00+00:00,0.11151600000000002
2025-07-27 00:00:00+00:00,0.10610399999999999
2025-07-27 01:00:00+00:00,0.099636
2025-07-27 02:00:00+00:00,0.098364
2025-07-27 03:00:00+00:00,0.094596
2025-07-27 04:00:00+00:00,0.099636
2025-07-27 05:00:00+00:00,0.09968399999999998
2025-07-27 06:00:00+00:00,0.09241200000000001
2025-07-27 07:00:00+00:00,0.093408
2025-07-27 08:00:00+00:00,0.094164
2025-07-27 09:00:00+00:00,0.086496
2025-07-27 10:00:00+00:00,0.055824000000000006
2025-07-27 11:00:00+00:00,0.018047999999999998
2025-07-27 12:00:00+00:00,0.01062
2025-07-27 13:00:00+00:00,0.014964
2025-07-27 14:00:00+00:00,0.024036000000000002
2025-07-27 15:00:00+00:00,0.08292
2025-07-27 16:00:00+00:00,0.10088399999999999
2025-07-27 17:00:00+00:00,0.109188
2025-07-27 18:00:00+00:00,0.116004
2025-07-27 19:00:00+00:00,0.09967200000000001
2025-07-27 20:00:00+00:00,0.100008
2025-07-27 21:00:00+00:00,0.10601999999999999
2025-07-27 22:00:00+00:00,0.11398799999999998
2025-07-27 23:00:00+00:00,0.10102799999999999
2025-07-28 00:00:00+00:00,0.09624
2025-07-28 01:00:00+00:00,0.09718799999999998
2025-07-28 02:00:00+00:00,0.098616
2025-07-28 03:00:00+00:00,0.10026
2025-07-28 04:00:00+00:00,0.12007199999999998
2025-07-28 05:00:00+00:00,0.12852
2025-07-28 06:00:00+00:00,0.140568
2025-07-28 07:00:00+00:00,0.132132
2025-07-28 08:00:00+00:00,0.122676
2025-07-28 09:00:00+00:00,0.113904
2025-07-28 10:00:00+00:00,0.10246799999999999
2025-07-28 11:00:00+00:00,0.09768
2025-07-28 12:00:00+00:00,0.08872799999999999
2025-07-28 13:00:00+00:00,0.0984
2025-07-28 14:00:00+00:00,0.10392
2025-07-28 15:00:00+00:00,0.11392799999999999
2025-07-28 16:00:00+00:00,0.119832
2025-07-28 17:00:00+00:00,0.12041999999999999
2025-07-28 18:00:00+00:00,0.11908799999999999
2025-07-28 19:00:00+00:00,0.12258
2025-07-28 20:00:00+00:00,0.120468
2025-07-28 21:00:00+00:00,0.11419199999999999
2025-07-28 22:00:00+00:00,0.10176
2025-07-28 23:00:00+00:00,0.104196
2025-07-29 00:00:00+00:00,0.10386
2025-07-29 01:00:00+00:00,0.10326
2025-07-29 02:00:00+00:00,0.10641600000000001
2025-07-29 03:00:00+00:00,0.11418
2025-07-29 04:00:00+00:00,0.118464
2025-07-29 05:00:00+00:00,0.129552
2025-07-29 06:00:00+00:00,0.11309999999999999
2025-07-29 07:00:00+00:00,0.10061999999999999
2025-07-29 08:00:00+00:00,0.085092
2025-07-29 09:00:00+00:00,0.06847199999999999
2025-07-29 10:00:00+00:00,0.031764
2025-07-29 11:00:00+00:00,0.026952
2025-07-29 12:00:00+00:00,0.031752
2025-07-29 13:00:00+00:00,0.049824
2025-07-29 14:00:00+00:00,0.08043600000000001
2025-07-29 15:00:00+00:00,0.08984400000000001
2025-07-29 16:00:00+00:00,0.11053199999999999
2025-07-29 17:00:00+00:00,0.12772799999999998
2025-07-29 18:00:00+00:00,0.139176
2025-07-29 19:00:00+00:00,0.14241600000000001
2025-07-29 20:00:00+00:00,0.13153199999999998
2025-07-29 21:00:00+00:00,0.116616
2025-07-29 22:00:00+00:00,0.11683199999999999
2025-07-29 23:00:00+00:00,0.111948
2025-07-30 00:00:00+00:00,0.104448
2025-07-30 01:00:00+00:00,0.10458
2025-07-30 02:00:00+00:00,0.10736399999999999
2025-07-30 03:00:00+00:00,0.11957999999999999
2025-07-30 04:00:00+00:00,0.12374399999999999
2025-07-30 05:00:00+00:00,0.11441999999999998
2025-07-30 06:00:00+00:00,0.105228
2025-07-30 07:00:00+00:00,0.080964
2025-07-30 08:00:00+00:00,0.061272
2025-07-30 09:00:00+00:00,0.048552000000000005
2025-07-30 10:00:00+00:00,0.029747999999999997
2025-07-30 11:00:00+00:00,0.021228
2025-07-30 12:00:00+00:00,0.012839999999999999
2025-07-30 13:00:00+00:00,0.034187999999999996
2025-07-30 14:00:00+00:00,0.057516
2025-07-30 15:00:00+00:00,0.09727200000000001
2025-07-30 16:00:00+00:00,0.10528799999999999
2025-07-30 17:00:00+00:00,0.12231600000000001
2025-07-30 18:00:00+00:00,0.1308
2025-07-30 19:00:00+00:00,0.132996
2025-07-30 20:00:00+00:00,0.12258
2025-07-30 21:00:00+00:00,0.10634400000000001
2025-07-30 22:00:00+00:00,0.10581600000000001
2025-07-30 23:00:00+00:00,0.09369599999999999
2025-07-31 00:00:00+00:00,0.093264
2025-07-31 01:00:00+00:00,0.08906399999999999
2025-07-31 02:00:00+00:00,0.093672
2025-07-31 03:00:00+00:00,0.09511200000000002
2025-07-31 04:00:00+00:00,0.1143
2025-07-31 05:00:00+00:00,0.120276
2025-07-31 06:00:00+00:00,0.11259599999999999
2025-07-31 07:00:00+00:00,0.09925199999999999
2025-07-31 08:00:00+00:00,0.087
2025-07-31 09:00:00+00:00,0.087888
2025-07-31 10:00:00+00:00,0.07608
2025-07-31 11:00:00+00:00,0.0606
2025-07-31 12:00:00+00:00,0.043056000000000004
2025-07-31 13:00:00+00:00,0.06997199999999999
2025-07-31 14:00:00+00:00,0.09126
2025-07-31 15:00:00+00:00,0.10774800000000001
2025-07-31 16:00:00+00:00,0.11388000000000001
2025-07-31 17:00:00+00:00,0.132
2025-07-31 18:00:00+00:00,0.155964
2025-07-31 19:00:00+00:00,0.144612
2025-07-31 20:00:00+00:00,0.13254
2025-07-31 21:00:00+00:00,0.12233999999999999
2025-07-31 22:00:00+00:00,0.125724
2025-07-31 23:00:00+00:00,0.11724000000000001
2025-08-01 00:00:00+00:00,0.1095
2025-08-01 01:00:00+00:00,0.104376
2025-08-01 02:00:00+00:00,0.11035199999999999
2025-08-01 03:00:00+00:00,0.11828399999999999
2025-08-01 04:00:00+00:00,0.1263
2025-08-01 05:00:00+00:00,0.13098
2025-08-01 06:00:00+00:00,0.12672
2025-08-01 07:00:00+00:00,0.11274
2025-08-01 08:00:00+00:00,0.078072
2025-08-01 09:00:00+00:00,0.075
2025-08-01 10:00:00+00:00,0.07547999999999999
2025-08-01 11:00:00+00:00,0.07828799999999998
2025-08-01 12:00:00+00:00,0.062004
2025-08-01 13:00:00+00:00,0.06276
2025-08-01 14:00:00+00:00,0.08962799999999999
2025-08-01 15:00:00+00:00,0.09244800000000002
2025-08-01 16:00:00+00:00,0.1167
2025-08-01 17:00:00+00:00,0.125892
2025-08-01 18:00:00+00:00,0.131508
2025-08-01 19:00:00+00:00,0.127824
2025-08-01 20:00:00+00:00,0.124116
2025-08-01 21:00:00+00:00,0.1161
